ticket_id,fecha,dia,zona,categoria,prioridad,canal,tickets,tiempo,lat,lon
TK-10022,2026-02-23,Lunes,Chapinero,Hardware,Baja,Correo,5,29,4.634319,-74.040227
TK-10004,2026-02-23,Lunes,Kennedy,Hardware,Media,Correo,6,30,4.627243,-74.153927
TK-10011,2026-02-23,Lunes,Suba,Hardware,Media,Portal,9,33,4.800263,-74.082254
TK-10014,2026-02-23,Lunes,Usaquén,Correo,Media,Correo,9,36,4.746588,-74.021081
TK-10016,2026-02-23,Lunes,Engativá,Hardware,Baja,Correo,9,40,4.700083,-74.118616
TK-10024,2026-02-23,Lunes,Suba,Hardware,Alta,Teléfono,9,36,4.789814,-74.08141
TK-10021,2026-02-23,Lunes,Suba,Red,Alta,Chat,10,36,4.789271,-74.085407
TK-10012,2026-02-23,Lunes,Engativá,Hardware,Media,Portal,13,39,4.720049,-74.128836
TK-10023,2026-02-23,Lunes,Usaquén,Accesos,Baja,Correo,14,46,4.731969,-74.019718
TK-10002,2026-02-23,Lunes,Kennedy,Hardware,Baja,Correo,15,45,4.616154,-74.158492
TK-10005,2026-02-23,Lunes,Engativá,Red,Alta,Correo,15,43,4.710051,-74.122709
TK-10007,2026-02-23,Lunes,Suba,Correo,Media,Portal,15,46,4.785068,-74.079289
TK-10020,2026-02-23,Lunes,Engativá,Accesos,Media,Portal,16,45,4.715625,-74.119301
TK-10010,2026-02-23,Lunes,Kennedy,Correo,Media,Teléfono,17,53,4.626482,-74.158691
TK-10015,2026-02-23,Lunes,Suba,Accesos,Crítica,Portal,17,45,4.806344,-74.099238
TK-10025,2026-02-23,Lunes,Kennedy,Software,Media,Chat,17,49,4.624496,-74.164671
TK-10026,2026-02-23,Lunes,Usaquén,Red,Media,Teléfono,17,50,4.734602,-74.035563
TK-10001,2026-02-23,Lunes,Suba,Software,Baja,Correo,18,48,4.808139,-74.081481
TK-10006,2026-02-23,Lunes,Engativá,Accesos,Baja,Correo,20,51,4.713888,-74.126818
TK-10027,2026-02-23,Lunes,Kennedy,Correo,Baja,Correo,20,61,4.618189,-74.157582
TK-10013,2026-02-23,Lunes,Usaquén,Red,Alta,Correo,21,56,4.751314,-74.030946
TK-10019,2026-02-23,Lunes,Suba,Hardware,Baja,Teléfono,21,62,4.808234,-74.095888
TK-10003,2026-02-23,Lunes,Engativá,Accesos,Media,Correo,22,56,4.698964,-74.12803
TK-10017,2026-02-23,Lunes,Chapinero,Accesos,Media,Portal,23,57,4.636938,-74.039425
TK-10009,2026-02-23,Lunes,Usaquén,Accesos,Alta,Correo,26,60,4.740391,-74.018186
TK-10008,2026-02-23,Lunes,Usaquén,Accesos,Alta,Teléfono,27,58,4.740418,-74.033261
TK-10018,2026-02-23,Lunes,Engativá,Red,Media,Correo,27,69,4.712355,-74.125948
TK-10038,2026-02-24,Martes,Usaquén,Software,Media,Chat,1,17,4.731685,-74.030392
TK-10036,2026-02-24,Martes,Chapinero,Hardware,Baja,Teléfono,2,18,4.644493,-74.045936
TK-10044,2026-02-24,Martes,Suba,Hardware,Media,Correo,3,25,4.80293,-74.082048
TK-10043,2026-02-24,Martes,Engativá,Correo,Baja,Portal,4,29,4.713144,-74.131488
TK-10053,2026-02-24,Martes,Kennedy,Accesos,Media,Chat,4,30,4.616094,-74.169674
TK-10048,2026-02-24,Martes,Engativá,Correo,Media,Correo,8,34,4.700827,-74.119703
TK-10032,2026-02-24,Martes,Chapinero,Red,Alta,Teléfono,10,34,4.651523,-74.043488
TK-10045,2026-02-24,Martes,Chapinero,Hardware,Media,Chat,10,32,4.643034,-74.043242
TK-10049,2026-02-24,Martes,Engativá,Accesos,Alta,Chat,10,30,4.717377,-74.121873
TK-10028,2026-02-24,Martes,Kennedy,Hardware,Baja,Chat,11,42,4.616682,-74.165851
TK-10040,2026-02-24,Martes,Chapinero,Accesos,Media,Portal,15,42,4.645341,-74.047849
TK-10034,2026-02-24,Martes,Kennedy,Software,Baja,Correo,16,45,4.624084,-74.156298
TK-10041,2026-02-24,Martes,Suba,Correo,Media,Teléfono,17,44,4.803386,-74.093968
TK-10035,2026-02-24,Martes,Chapinero,Correo,Media,Teléfono,18,50,4.646811,-74.047793
TK-10033,2026-02-24,Martes,Usaquén,Accesos,Media,Portal,21,56,4.749555,-74.037738
TK-10046,2026-02-24,Martes,Usaquén,Correo,Media,Teléfono,21,56,4.731524,-74.017806
TK-10029,2026-02-24,Martes,Kennedy,Correo,Baja,Correo,22,56,4.621136,-74.164813
TK-10031,2026-02-24,Martes,Suba,Correo,Media,Correo,22,58,4.804311,-74.097375
TK-10037,2026-02-24,Martes,Suba,Software,Media,Correo,22,52,4.803216,-74.096345
TK-10039,2026-02-24,Martes,Usaquén,Hardware,Media,Chat,22,54,4.733177,-74.024833
TK-10052,2026-02-24,Martes,Chapinero,Red,Media,Chat,22,50,4.647772,-74.033334
TK-10042,2026-02-24,Martes,Engativá,Red,Media,Portal,23,60,4.7182,-74.136371
TK-10047,2026-02-24,Martes,Usaquén,Accesos,Baja,Correo,23,57,4.745491,-74.014684
TK-10030,2026-02-24,Martes,Kennedy,Software,Baja,Portal,25,65,4.619739,-74.157476
TK-10051,2026-02-24,Martes,Suba,Software,Media,Chat,25,64,4.803232,-74.08159
TK-10050,2026-02-24,Martes,Chapinero,Software,Media,Portal,27,60,4.646144,-74.02973
TK-10054,2026-02-25,Miércoles,Usaquén,Red,Baja,Chat,1,24,4.733572,-74.033572
TK-10066,2026-02-25,Miércoles,Chapinero,Red,Crítica,Correo,1,8,4.647653,-74.041037
TK-10070,2026-02-25,Miércoles,Engativá,Red,Media,Correo,2,16,4.703551,-74.126802
TK-10059,2026-02-25,Miércoles,Chapinero,Software,Media,Portal,3,21,4.637741,-74.050031
TK-10060,2026-02-25,Miércoles,Suba,Accesos,Baja,Portal,3,25,4.787323,-74.087287
TK-10071,2026-02-25,Miércoles,Suba,Accesos,Baja,Portal,5,30,4.79034,-74.093897
TK-10072,2026-02-25,Miércoles,Engativá,Software,Crítica,Teléfono,7,18,4.708801,-74.120228
TK-10073,2026-02-25,Miércoles,Kennedy,Accesos,Alta,Correo,8,26,4.622394,-74.151376
TK-10061,2026-02-25,Miércoles,Kennedy,Accesos,Baja,Portal,10,34,4.623628,-74.157972
TK-10068,2026-02-25,Miércoles,Engativá,Hardware,Alta,Teléfono,10,28,4.715043,-74.114541
TK-10056,2026-02-25,Miércoles,Suba,Software,Media,Portal,13,44,4.794882,-74.078037
TK-10075,2026-02-25,Miércoles,Engativá,Hardware,Media,Portal,16,43,4.713814,-74.1205
TK-10055,2026-02-25,Miércoles,Usaquén,Accesos,Media,Correo,19,45,4.743606,-74.0232
TK-10058,2026-02-25,Miércoles,Usaquén,Red,Media,Correo,21,50,4.742969,-74.029216
TK-10062,2026-02-25,Miércoles,Engativá,Correo,Alta,Correo,21,47,4.696589,-74.116041
TK-10067,2026-02-25,Miércoles,Kennedy,Software,Baja,Chat,21,57,4.618278,-74.161611
TK-10074,2026-02-25,Miércoles,Engativá,Hardware,Media,Chat,21,54,4.71333,-74.122207
TK-10063,2026-02-25,Miércoles,Suba,Hardware,Alta,Correo,24,54,4.787424,-74.092221
TK-10069,2026-02-25,Miércoles,Engativá,Accesos,Media,Portal,25,61,4.703392,-74.115408
TK-10057,2026-02-25,Miércoles,Chapinero,Hardware,Media,Teléfono,26,58,4.638074,-74.032497
TK-10064,2026-02-25,Miércoles,Suba,Software,Media,Correo,26,60,4.789356,-74.08942
TK-10065,2026-02-25,Miércoles,Chapinero,Correo,Baja,Correo,27,64,4.632344,-74.029349
TK-10088,2026-02-26,Jueves,Kennedy,Red,Media,Portal,2,22,4.621575,-74.156583
TK-10083,2026-02-26,Jueves,Suba,Red,Baja,Chat,4,27,4.802724,-74.085824
TK-10084,2026-02-26,Jueves,Kennedy,Software,Media,Teléfono,4,28,4.615341,-74.153776
TK-10087,2026-02-26,Jueves,Engativá,Red,Media,Portal,4,20,4.713829,-74.133076
TK-10077,2026-02-26,Jueves,Engativá,Red,Baja,Chat,5,24,4.713025,-74.131626
TK-10082,2026-02-26,Jueves,Chapinero,Accesos,Alta,Chat,11,36,4.645897,-74.03686
TK-10090,2026-02-26,Jueves,Engativá,Red,Media,Correo,11,39,4.716512,-74.122342
TK-10095,2026-02-26,Jueves,Engativá,Accesos,Alta,Chat,11,35,4.704428,-74.121691
TK-10079,2026-02-26,Jueves,Suba,Hardware,Baja,Teléfono,14,44,4.78564,-74.088625
TK-10076,2026-02-26,Jueves,Suba,Hardware,Baja,Portal,15,44,4.784805,-74.089851
TK-10093,2026-02-26,Jueves,Kennedy,Hardware,Media,Chat,15,43,4.635762,-74.161427
TK-10089,2026-02-26,Jueves,Kennedy,Software,Media,Chat,16,49,4.633156,-74.150143
TK-10078,2026-02-26,Jueves,Usaquén,Correo,Alta,Correo,17,46,4.739793,-74.020893
TK-10085,2026-02-26,Jueves,Suba,Hardware,Media,Portal,18,46,4.790215,-74.0898
TK-10092,2026-02-26,Jueves,Suba,Correo,Alta,Teléfono,19,49,4.786034,-74.09253
TK-10086,2026-02-26,Jueves,Usaquén,Hardware,Media,Chat,20,50,4.730969,-74.019701
TK-10080,2026-02-26,Jueves,Chapinero,Red,Baja,Teléfono,22,54,4.65311,-74.037582
TK-10081,2026-02-26,Jueves,Engativá,Red,Media,Correo,25,61,4.712808,-74.117993
TK-10091,2026-02-26,Jueves,Chapinero,Accesos,Media,Correo,25,58,4.646883,-74.048567
TK-10096,2026-02-26,Jueves,Suba,Software,Media,Teléfono,25,65,4.794283,-74.091942
TK-10094,2026-02-26,Jueves,Suba,Red,Baja,Portal,27,66,4.806153,-74.096734
TK-10122,2026-02-27,Viernes,Kennedy,Red,Crítica,Correo,2,22,4.623799,-74.154008
TK-10110,2026-02-27,Viernes,Engativá,Hardware,Baja,Correo,4,27,4.706018,-74.134785
TK-10111,2026-02-27,Viernes,Suba,Software,Alta,Teléfono,4,29,4.800355,-74.084132
TK-10098,2026-02-27,Viernes,Chapinero,Correo,Crítica,Correo,5,23,4.651616,-74.044229
TK-10119,2026-02-27,Viernes,Chapinero,Red,Media,Portal,5,25,4.631531,-74.042235
TK-10097,2026-02-27,Viernes,Kennedy,Software,Alta,Teléfono,6,28,4.620717,-74.153102
TK-10101,2026-02-27,Viernes,Engativá,Red,Media,Chat,7,36,4.696985,-74.134049
TK-10099,2026-02-27,Viernes,Engativá,Red,Media,Chat,9,35,4.710808,-74.114486
TK-10106,2026-02-27,Viernes,Engativá,Software,Alta,Chat,9,29,4.700806,-74.136152
TK-10108,2026-02-27,Viernes,Engativá,Software,Alta,Teléfono,9,35,4.698359,-74.115892
TK-10116,2026-02-27,Viernes,Usaquén,Correo,Baja,Chat,9,38,4.731138,-74.015033
TK-10124,2026-02-27,Viernes,Chapinero,Hardware,Alta,Portal,9,29,4.640358,-74.04255
TK-10109,2026-02-27,Viernes,Engativá,Hardware,Media,Teléfono,10,34,4.717174,-74.123341
TK-10117,2026-02-27,Viernes,Kennedy,Hardware,Media,Teléfono,10,36,4.614988,-74.154939
TK-10107,2026-02-27,Viernes,Usaquén,Red,Alta,Portal,13,38,4.744277,-74.033494
TK-10113,2026-02-27,Viernes,Usaquén,Correo,Crítica,Teléfono,13,35,4.746328,-74.035596
TK-10105,2026-02-27,Viernes,Kennedy,Accesos,Media,Portal,14,48,4.620974,-74.163293
TK-10102,2026-02-27,Viernes,Chapinero,Red,Baja,Chat,15,47,4.650076,-74.041031
TK-10118,2026-02-27,Viernes,Engativá,Accesos,Baja,Chat,18,50,4.706442,-74.127011
TK-10112,2026-02-27,Viernes,Suba,Red,Baja,Teléfono,20,56,4.806231,-74.085682
TK-10100,2026-02-27,Viernes,Kennedy,Accesos,Crítica,Chat,21,55,4.616017,-74.16892
TK-10123,2026-02-27,Viernes,Chapinero,Correo,Media,Correo,21,53,4.6499,-74.038526
TK-10114,2026-02-27,Viernes,Kennedy,Accesos,Alta,Portal,23,58,4.616069,-74.155547
TK-10120,2026-02-27,Viernes,Usaquén,Accesos,Alta,Teléfono,23,58,4.729254,-74.017453
TK-10121,2026-02-27,Viernes,Kennedy,Software,Alta,Correo,23,59,4.629236,-74.16826
TK-10115,2026-02-27,Viernes,Chapinero,Correo,Baja,Correo,24,64,4.633132,-74.042293
TK-10103,2026-02-27,Viernes,Usaquén,Correo,Baja,Correo,26,68,4.747204,-74.038365
TK-10104,2026-02-27,Viernes,Chapinero,Accesos,Alta,Teléfono,26,66,4.637,-74.029142
TK-10140,2026-03-02,Lunes,Kennedy,Hardware,Media,Portal,1,24,4.626974,-74.16077
TK-10134,2026-03-02,Lunes,Usaquén,Hardware,Baja,Portal,2,24,4.743253,-74.026501
TK-10131,2026-03-02,Lunes,Usaquén,Accesos,Media,Correo,7,28,4.73312,-74.03422
TK-10132,2026-03-02,Lunes,Kennedy,Red,Baja,Portal,7,38,4.633926,-74.166271
TK-10125,2026-03-02,Lunes,Kennedy,Hardware,Media,Portal,8,34,4.634798,-74.154291
TK-10128,2026-03-02,Lunes,Suba,Red,Baja,Chat,11,41,4.787424,-74.094501
TK-10141,2026-03-02,Lunes,Kennedy,Accesos,Alta,Teléfono,11,38,4.627166,-74.160675
TK-10127,2026-03-02,Lunes,Kennedy,Correo,Alta,Portal,12,36,4.621436,-74.156755
TK-10133,2026-03-02,Lunes,Usaquén,Correo,Alta,Portal,12,32,4.731853,-74.015302
TK-10135,2026-03-02,Lunes,Suba,Software,Crítica,Correo,12,38,4.792312,-74.088763
TK-10130,2026-03-02,Lunes,Chapinero,Accesos,Media,Teléfono,18,46,4.641157,-74.03063
TK-10143,2026-03-02,Lunes,Usaquén,Software,Baja,Correo,18,54,4.735732,-74.038408
TK-10126,2026-03-02,Lunes,Usaquén,Red,Media,Chat,19,53,4.729051,-74.016469
TK-10138,2026-03-02,Lunes,Kennedy,Hardware,Crítica,Portal,19,43,4.634841,-74.148216
TK-10139,2026-03-02,Lunes,Usaquén,Software,Media,Correo,21,52,4.731702,-74.02803
TK-10144,2026-03-02,Lunes,Kennedy,Accesos,Media,Portal,22,54,4.631353,-74.169571
TK-10129,2026-03-02,Lunes,Engativá,Hardware,Alta,Correo,23,56,4.710655,-74.12273
TK-10142,2026-03-02,Lunes,Suba,Correo,Media,Teléfono,24,61,4.799154,-74.094605
TK-10137,2026-03-02,Lunes,Chapinero,Software,Media,Teléfono,25,57,4.637579,-74.033416
TK-10145,2026-03-02,Lunes,Suba,Accesos,Alta,Teléfono,26,62,4.806723,-74.096468
TK-10136,2026-03-02,Lunes,Chapinero,Accesos,Crítica,Chat,27,60,4.643331,-74.038045
TK-10165,2026-03-03,Martes,Suba,Software,Alta,Correo,1,15,4.797414,-74.085341
TK-10149,2026-03-03,Martes,Chapinero,Accesos,Media,Chat,2,18,4.650103,-74.047274
TK-10156,2026-03-03,Martes,Suba,Software,Alta,Portal,2,16,4.807495,-74.097331
TK-10148,2026-03-03,Martes,Chapinero,Accesos,Media,Chat,4,24,4.651524,-74.038768
TK-10152,2026-03-03,Martes,Usaquén,Software,Media,Chat,4,23,4.751647,-74.030307
TK-10162,2026-03-03,Martes,Kennedy,Accesos,Baja,Correo,5,27,4.620798,-74.149569
TK-10164,2026-03-03,Martes,Engativá,Accesos,Media,Correo,6,28,4.700786,-74.133488
TK-10151,2026-03-03,Martes,Kennedy,Red,Media,Chat,9,35,4.633094,-74.169904
TK-10157,2026-03-03,Martes,Usaquén,Red,Alta,Teléfono,10,28,4.748357,-74.032362
TK-10155,2026-03-03,Martes,Usaquén,Red,Alta,Chat,12,33,4.732139,-74.029369
TK-10154,2026-03-03,Martes,Suba,Accesos,Media,Portal,14,46,4.796266,-74.089321
TK-10146,2026-03-03,Martes,Kennedy,Red,Baja,Teléfono,15,48,4.636936,-74.148826
TK-10147,2026-03-03,Martes,Suba,Accesos,Media,Teléfono,15,47,4.795069,-74.090549
TK-10163,2026-03-03,Martes,Suba,Red,Media,Correo,15,45,4.796017,-74.085703
TK-10160,2026-03-03,Martes,Chapinero,Red,Baja,Portal,17,52,4.647349,-74.04311
TK-10168,2026-03-03,Martes,Kennedy,Software,Media,Teléfono,17,52,4.61606,-74.169318
TK-10161,2026-03-03,Martes,Kennedy,Accesos,Alta,Portal,20,50,4.636918,-74.16309
TK-10159,2026-03-03,Martes,Usaquén,Correo,Media,Teléfono,21,51,4.737108,-74.028923
TK-10158,2026-03-03,Martes,Usaquén,Software,Media,Chat,22,60,4.743551,-74.018105
TK-10166,2026-03-03,Martes,Kennedy,Accesos,Alta,Correo,22,52,4.618782,-74.157504
TK-10167,2026-03-03,Martes,Chapinero,Red,Alta,Chat,23,55,4.633426,-74.047956
TK-10150,2026-03-03,Martes,Suba,Correo,Media,Correo,25,63,4.796433,-74.08439
TK-10153,2026-03-03,Martes,Engativá,Hardware,Media,Correo,26,62,4.699358,-74.129421
TK-10175,2026-03-04,Miércoles,Usaquén,Red,Media,Teléfono,1,20,4.745867,-74.034209
TK-10182,2026-03-04,Miércoles,Chapinero,Red,Media,Portal,2,22,4.631661,-74.039618
TK-10170,2026-03-04,Miércoles,Chapinero,Software,Baja,Correo,4,28,4.640961,-74.027454
TK-10178,2026-03-04,Miércoles,Usaquén,Accesos,Media,Correo,5,21,4.742008,-74.030476
TK-10184,2026-03-04,Miércoles,Suba,Hardware,Baja,Correo,7,28,4.802177,-74.080402
TK-10169,2026-03-04,Miércoles,Usaquén,Software,Media,Chat,8,30,4.736711,-74.030439
TK-10180,2026-03-04,Miércoles,Engativá,Software,Media,Portal,8,32,4.713706,-74.135174
TK-10185,2026-03-04,Miércoles,Usaquén,Red,Media,Chat,8,27,4.742624,-74.018881
TK-10171,2026-03-04,Miércoles,Engativá,Red,Media,Chat,9,36,4.711667,-74.130418
TK-10176,2026-03-04,Miércoles,Kennedy,Accesos,Baja,Teléfono,9,36,4.615279,-74.157294
TK-10183,2026-03-04,Miércoles,Suba,Red,Media,Correo,11,40,4.804046,-74.094098
TK-10186,2026-03-04,Miércoles,Engativá,Accesos,Media,Teléfono,12,41,4.709277,-74.124797
TK-10173,2026-03-04,Miércoles,Suba,Correo,Alta,Teléfono,13,35,4.7909,-74.100362
TK-10177,2026-03-04,Miércoles,Kennedy,Software,Media,Chat,13,40,4.635302,-74.149702
TK-10181,2026-03-04,Miércoles,Kennedy,Accesos,Media,Portal,13,38,4.635725,-74.16948
TK-10187,2026-03-04,Miércoles,Suba,Accesos,Media,Teléfono,13,40,4.797003,-74.084959
TK-10188,2026-03-04,Miércoles,Usaquén,Accesos,Baja,Chat,17,47,4.743884,-74.035689
TK-10179,2026-03-04,Miércoles,Engativá,Hardware,Alta,Portal,18,42,4.712982,-74.118203
TK-10172,2026-03-04,Miércoles,Engativá,Hardware,Media,Portal,21,52,4.708861,-74.13669
TK-10174,2026-03-04,Miércoles,Kennedy,Accesos,Alta,Chat,23,59,4.62807,-74.1626
TK-10192,2026-03-05,Jueves,Kennedy,Correo,Media,Correo,1,20,4.615355,-74.169059
TK-10194,2026-03-05,Jueves,Engativá,Red,Alta,Chat,1,16,4.705434,-74.134737
TK-10207,2026-03-05,Jueves,Chapinero,Correo,Media,Correo,3,20,4.644408,-74.035121
TK-10199,2026-03-05,Jueves,Suba,Correo,Alta,Portal,4,18,4.790887,-74.097222
TK-10190,2026-03-05,Jueves,Engativá,Hardware,Baja,Chat,8,36,4.71402,-74.1341
TK-10195,2026-03-05,Jueves,Engativá,Hardware,Media,Teléfono,10,36,4.705626,-74.118009
TK-10189,2026-03-05,Jueves,Usaquén,Red,Baja,Chat,11,39,4.73624,-74.023787
TK-10208,2026-03-05,Jueves,Engativá,Software,Media,Teléfono,12,39,4.69756,-74.116743
TK-10191,2026-03-05,Jueves,Usaquén,Accesos,Alta,Teléfono,14,40,4.742225,-74.027339
TK-10206,2026-03-05,Jueves,Suba,Accesos,Media,Teléfono,14,38,4.797978,-74.091395
TK-10193,2026-03-05,Jueves,Engativá,Accesos,Alta,Portal,16,39,4.719727,-74.126658
TK-10209,2026-03-05,Jueves,Chapinero,Hardware,Media,Correo,16,45,4.645872,-74.040132
TK-10204,2026-03-05,Jueves,Kennedy,Software,Media,Correo,19,49,4.62203,-74.160519
TK-10196,2026-03-05,Jueves,Usaquén,Hardware,Media,Chat,21,51,4.74619,-74.034391
TK-10197,2026-03-05,Jueves,Kennedy,Red,Alta,Teléfono,21,56,4.636243,-74.149781
TK-10202,2026-03-05,Jueves,Suba,Software,Media,Correo,23,62,4.799163,-74.086684
TK-10203,2026-03-05,Jueves,Kennedy,Red,Crítica,Teléfono,24,55,4.630814,-74.151255
TK-10200,2026-03-05,Jueves,Kennedy,Correo,Media,Teléfono,26,64,4.619362,-74.150591
TK-10198,2026-03-05,Jueves,Suba,Accesos,Alta,Correo,27,66,4.80726,-74.083834
TK-10201,2026-03-05,Jueves,Suba,Software,Media,Chat,27,67,4.786563,-74.081981
TK-10205,2026-03-05,Jueves,Suba,Software,Media,Portal,27,65,4.798946,-74.094259
TK-10212,2026-03-06,Viernes,Suba,Red,Media,Correo,2,26,4.785069,-74.096352
TK-10220,2026-03-06,Viernes,Suba,Hardware,Crítica,Teléfono,2,20,4.798251,-74.094919
TK-10234,2026-03-06,Viernes,Suba,Hardware,Media,Portal,4,27,4.805849,-74.089229
TK-10215,2026-03-06,Viernes,Engativá,Correo,Alta,Portal,5,25,4.6967,-74.113958
TK-10227,2026-03-06,Viernes,Chapinero,Red,Alta,Chat,6,24,4.653499,-74.036636
TK-10218,2026-03-06,Viernes,Kennedy,Hardware,Alta,Teléfono,7,27,4.635363,-74.151762
TK-10216,2026-03-06,Viernes,Engativá,Red,Alta,Portal,8,33,4.712444,-74.113245
TK-10231,2026-03-06,Viernes,Suba,Red,Media,Chat,9,34,4.803966,-74.079276
TK-10235,2026-03-06,Viernes,Suba,Correo,Baja,Portal,10,36,4.800621,-74.098619
TK-10217,2026-03-06,Viernes,Engativá,Red,Alta,Portal,12,37,4.715785,-74.121627
TK-10221,2026-03-06,Viernes,Chapinero,Correo,Media,Correo,12,36,4.644792,-74.035999
TK-10223,2026-03-06,Viernes,Chapinero,Software,Media,Correo,13,38,4.645763,-74.028674
TK-10236,2026-03-06,Viernes,Engativá,Correo,Baja,Teléfono,14,50,4.696749,-74.116653
TK-10226,2026-03-06,Viernes,Kennedy,Correo,Baja,Chat,15,49,4.628767,-74.158782
TK-10232,2026-03-06,Viernes,Kennedy,Software,Alta,Portal,15,43,4.638754,-74.149083
TK-10210,2026-03-06,Viernes,Usaquén,Software,Media,Chat,16,45,4.741382,-74.024319
TK-10233,2026-03-06,Viernes,Engativá,Red,Baja,Correo,16,53,4.711686,-74.12127
TK-10222,2026-03-06,Viernes,Usaquén,Hardware,Media,Chat,19,49,4.738933,-74.022347
TK-10237,2026-03-06,Viernes,Kennedy,Hardware,Media,Portal,19,59,4.617345,-74.153931
TK-10238,2026-03-06,Viernes,Usaquén,Red,Media,Teléfono,20,58,4.731105,-74.028429
TK-10219,2026-03-06,Viernes,Usaquén,Red,Baja,Chat,22,64,4.732875,-74.035899
TK-10230,2026-03-06,Viernes,Suba,Software,Alta,Chat,22,60,4.790961,-74.082197
TK-10211,2026-03-06,Viernes,Kennedy,Correo,Media,Teléfono,23,64,4.635101,-74.150215
TK-10213,2026-03-06,Viernes,Usaquén,Hardware,Crítica,Correo,23,50,4.741842,-74.02035
TK-10224,2026-03-06,Viernes,Kennedy,Hardware,Crítica,Correo,23,57,4.629806,-74.162399
TK-10225,2026-03-06,Viernes,Usaquén,Correo,Alta,Teléfono,23,61,4.74919,-74.038211
TK-10228,2026-03-06,Viernes,Kennedy,Accesos,Media,Portal,25,66,4.618281,-74.161448
TK-10214,2026-03-06,Viernes,Suba,Correo,Alta,Teléfono,26,60,4.790241,-74.0845
TK-10229,2026-03-06,Viernes,Usaquén,Software,Alta,Teléfono,26,64,4.737258,-74.035674
TK-10246,2026-03-09,Lunes,Suba,Accesos,Baja,Portal,1,25,4.794918,-74.094892
TK-10248,2026-03-09,Lunes,Chapinero,Accesos,Media,Correo,1,18,4.640764,-74.039015
TK-10257,2026-03-09,Lunes,Engativá,Software,Alta,Chat,1,15,4.718571,-74.132008
TK-10254,2026-03-09,Lunes,Kennedy,Correo,Alta,Teléfono,5,23,4.618854,-74.15043
TK-10240,2026-03-09,Lunes,Kennedy,Hardware,Crítica,Teléfono,9,31,4.629204,-74.168951
TK-10247,2026-03-09,Lunes,Engativá,Red,Alta,Correo,9,34,4.719492,-74.125168
TK-10245,2026-03-09,Lunes,Engativá,Accesos,Media,Correo,11,38,4.706331,-74.12136
TK-10242,2026-03-09,Lunes,Suba,Red,Baja,Correo,13,43,4.794119,-74.096836
TK-10241,2026-03-09,Lunes,Suba,Software,Media,Teléfono,14,40,4.803192,-74.097739
TK-10243,2026-03-09,Lunes,Kennedy,Hardware,Alta,Correo,16,46,4.622591,-74.165178
TK-10263,2026-03-09,Lunes,Chapinero,Accesos,Alta,Portal,16,39,4.636609,-74.044104
TK-10255,2026-03-09,Lunes,Chapinero,Red,Media,Chat,17,50,4.631176,-74.041334
TK-10259,2026-03-09,Lunes,Kennedy,Hardware,Baja,Portal,17,50,4.620713,-74.160012
TK-10261,2026-03-09,Lunes,Usaquén,Correo,Media,Chat,17,50,4.752097,-74.03142
TK-10251,2026-03-09,Lunes,Engativá,Correo,Media,Chat,18,52,4.709851,-74.124745
TK-10253,2026-03-09,Lunes,Chapinero,Hardware,Media,Teléfono,19,53,4.651312,-74.0499
TK-10239,2026-03-09,Lunes,Usaquén,Software,Media,Chat,20,52,4.739695,-74.028476
TK-10252,2026-03-09,Lunes,Suba,Correo,Alta,Portal,20,54,4.800316,-74.091375
TK-10258,2026-03-09,Lunes,Kennedy,Correo,Alta,Teléfono,20,54,4.617715,-74.162772
TK-10262,2026-03-09,Lunes,Suba,Software,Media,Correo,20,58,4.790879,-74.088288
TK-10256,2026-03-09,Lunes,Engativá,Software,Alta,Teléfono,21,56,4.70028,-74.127343
TK-10244,2026-03-09,Lunes,Usaquén,Correo,Alta,Teléfono,23,51,4.730843,-74.018326
TK-10249,2026-03-09,Lunes,Suba,Accesos,Crítica,Portal,23,56,4.797663,-74.083229
TK-10260,2026-03-09,Lunes,Engativá,Correo,Media,Teléfono,26,68,4.717419,-74.13308
TK-10250,2026-03-09,Lunes,Usaquén,Software,Alta,Portal,27,58,4.744797,-74.016184
TK-10266,2026-03-10,Martes,Chapinero,Software,Baja,Portal,4,21,4.64876,-74.046096
TK-10276,2026-03-10,Martes,Usaquén,Correo,Baja,Correo,5,25,4.738771,-74.036437
TK-10285,2026-03-10,Martes,Chapinero,Red,Media,Chat,5,26,4.646348,-74.046211
TK-10264,2026-03-10,Martes,Suba,Software,Media,Portal,6,30,4.805134,-74.099501
TK-10273,2026-03-10,Martes,Suba,Software,Alta,Chat,8,33,4.785189,-74.084476
TK-10279,2026-03-10,Martes,Suba,Software,Media,Portal,9,34,4.787081,-74.083051
TK-10280,2026-03-10,Martes,Kennedy,Software,Media,Chat,9,38,4.631019,-74.151642
TK-10282,2026-03-10,Martes,Engativá,Red,Media,Teléfono,9,30,4.719725,-74.136481
TK-10265,2026-03-10,Martes,Usaquén,Red,Media,Portal,12,38,4.749276,-74.024263
TK-10270,2026-03-10,Martes,Chapinero,Correo,Alta,Portal,13,32,4.643239,-74.03336
TK-10274,2026-03-10,Martes,Suba,Red,Media,Portal,13,45,4.806516,-74.099417
TK-10284,2026-03-10,Martes,Kennedy,Hardware,Media,Correo,13,44,4.628179,-74.162681
TK-10278,2026-03-10,Martes,Chapinero,Hardware,Baja,Portal,14,40,4.641862,-74.035167
TK-10281,2026-03-10,Martes,Kennedy,Hardware,Alta,Teléfono,14,40,4.637028,-74.153147
TK-10283,2026-03-10,Martes,Kennedy,Red,Baja,Teléfono,14,50,4.624414,-74.14982
TK-10272,2026-03-10,Martes,Usaquén,Correo,Media,Portal,15,46,4.748431,-74.035056
TK-10275,2026-03-10,Martes,Chapinero,Red,Media,Correo,15,42,4.642367,-74.051412
TK-10268,2026-03-10,Martes,Suba,Red,Media,Chat,16,43,4.791269,-74.088466
TK-10271,2026-03-10,Martes,Usaquén,Hardware,Crítica,Portal,16,37,4.728715,-74.033751
TK-10267,2026-03-10,Martes,Usaquén,Correo,Alta,Correo,17,47,4.731574,-74.035683
TK-10290,2026-03-10,Martes,Chapinero,Correo,Media,Correo,17,48,4.649847,-74.038471
TK-10277,2026-03-10,Martes,Kennedy,Hardware,Media,Teléfono,20,57,4.627737,-74.167424
TK-10288,2026-03-10,Martes,Suba,Correo,Crítica,Correo,21,51,4.80698,-74.092109
TK-10287,2026-03-10,Martes,Suba,Correo,Media,Teléfono,23,54,4.808219,-74.092721
TK-10269,2026-03-10,Martes,Usaquén,Correo,Baja,Teléfono,25,64,4.733376,-74.029982
TK-10289,2026-03-10,Martes,Kennedy,Accesos,Media,Portal,25,63,4.628267,-74.149694
TK-10286,2026-03-10,Martes,Usaquén,Red,Alta,Teléfono,26,60,4.746254,-74.014937
TK-10296,2026-03-11,Miércoles,Engativá,Hardware,Alta,Correo,2,16,4.709278,-74.132934
TK-10297,2026-03-11,Miércoles,Usaquén,Red,Alta,Correo,3,18,4.737107,-74.023252
TK-10300,2026-03-11,Miércoles,Kennedy,Correo,Media,Portal,6,26,4.624153,-74.163497
TK-10302,2026-03-11,Miércoles,Suba,Red,Media,Portal,6,28,4.793294,-74.093216
TK-10304,2026-03-11,Miércoles,Kennedy,Accesos,Baja,Chat,10,40,4.632719,-74.16608
TK-10308,2026-03-11,Miércoles,Engativá,Accesos,Baja,Correo,11,40,4.701769,-74.132481
TK-10299,2026-03-11,Miércoles,Kennedy,Hardware,Crítica,Correo,12,37,4.631222,-74.149152
TK-10312,2026-03-11,Miércoles,Kennedy,Correo,Baja,Teléfono,15,46,4.632539,-74.164703
TK-10294,2026-03-11,Miércoles,Kennedy,Accesos,Media,Portal,16,44,4.617341,-74.164966
TK-10293,2026-03-11,Miércoles,Kennedy,Hardware,Alta,Teléfono,17,47,4.625586,-74.159332
TK-10310,2026-03-11,Miércoles,Kennedy,Software,Alta,Correo,18,42,4.626332,-74.151192
TK-10301,2026-03-11,Miércoles,Kennedy,Accesos,Crítica,Teléfono,19,42,4.617268,-74.169576
TK-10303,2026-03-11,Miércoles,Suba,Accesos,Crítica,Teléfono,20,45,4.798052,-74.093583
TK-10305,2026-03-11,Miércoles,Usaquén,Correo,Media,Teléfono,20,48,4.746109,-74.027817
TK-10298,2026-03-11,Miércoles,Engativá,Red,Media,Portal,21,52,4.697829,-74.118174
TK-10306,2026-03-11,Miércoles,Kennedy,Correo,Media,Correo,21,59,4.626788,-74.147292
TK-10307,2026-03-11,Miércoles,Kennedy,Accesos,Media,Teléfono,21,54,4.619726,-74.161638
TK-10291,2026-03-11,Miércoles,Usaquén,Accesos,Media,Correo,22,58,4.743391,-74.030903
TK-10295,2026-03-11,Miércoles,Chapinero,Hardware,Baja,Chat,23,53,4.646096,-74.037957
TK-10309,2026-03-11,Miércoles,Chapinero,Software,Alta,Teléfono,23,55,4.637673,-74.03718
TK-10292,2026-03-11,Miércoles,Suba,Correo,Alta,Teléfono,24,52,4.807423,-74.092352
TK-10311,2026-03-11,Miércoles,Suba,Red,Baja,Portal,25,63,4.787857,-74.084859
TK-10315,2026-03-12,Jueves,Engativá,Hardware,Media,Chat,1,20,4.696878,-74.121729
TK-10320,2026-03-12,Jueves,Chapinero,Red,Alta,Portal,1,17,4.64628,-74.037323
TK-10323,2026-03-12,Jueves,Usaquén,Correo,Media,Chat,5,27,4.743976,-74.018177
TK-10326,2026-03-12,Jueves,Kennedy,Red,Alta,Correo,5,25,4.637388,-74.156351
TK-10313,2026-03-12,Jueves,Suba,Accesos,Crítica,Portal,7,26,4.801624,-74.100407
TK-10314,2026-03-12,Jueves,Suba,Red,Media,Chat,9,32,4.802689,-74.088304
TK-10328,2026-03-12,Jueves,Usaquén,Correo,Media,Portal,9,36,4.745648,-74.028209
TK-10321,2026-03-12,Jueves,Chapinero,Correo,Alta,Teléfono,10,34,4.648567,-74.039003
TK-10322,2026-03-12,Jueves,Engativá,Accesos,Media,Correo,13,39,4.715813,-74.122969
TK-10327,2026-03-12,Jueves,Suba,Hardware,Alta,Correo,13,40,4.800572,-74.09623
TK-10318,2026-03-12,Jueves,Usaquén,Software,Alta,Correo,18,42,4.750525,-74.023177
TK-10324,2026-03-12,Jueves,Suba,Software,Crítica,Chat,24,56,4.789136,-74.100685
TK-10325,2026-03-12,Jueves,Engativá,Hardware,Baja,Chat,24,60,4.709749,-74.11675
TK-10319,2026-03-12,Jueves,Usaquén,Hardware,Media,Portal,25,57,4.728635,-74.037982
TK-10316,2026-03-12,Jueves,Chapinero,Hardware,Alta,Chat,26,58,4.643645,-74.0502
TK-10317,2026-03-12,Jueves,Engativá,Correo,Baja,Teléfono,27,69,4.717455,-74.132423
TK-10332,2026-03-13,Viernes,Engativá,Correo,Media,Chat,1,20,4.705816,-74.12034
TK-10331,2026-03-13,Viernes,Usaquén,Software,Media,Chat,2,24,4.740849,-74.037993
TK-10329,2026-03-13,Viernes,Suba,Hardware,Baja,Portal,3,30,4.806998,-74.0891
TK-10340,2026-03-13,Viernes,Chapinero,Hardware,Media,Chat,3,24,4.643832,-74.04309
TK-10330,2026-03-13,Viernes,Suba,Correo,Media,Correo,4,25,4.788724,-74.089815
TK-10346,2026-03-13,Viernes,Usaquén,Correo,Media,Chat,4,26,4.745576,-74.023832
TK-10344,2026-03-13,Viernes,Engativá,Accesos,Baja,Correo,6,36,4.716359,-74.124857
TK-10337,2026-03-13,Viernes,Usaquén,Hardware,Media,Teléfono,12,44,4.746612,-74.015328
TK-10333,2026-03-13,Viernes,Kennedy,Accesos,Alta,Correo,13,39,4.631519,-74.14745
TK-10351,2026-03-13,Viernes,Chapinero,Software,Media,Teléfono,14,42,4.645428,-74.028327
TK-10334,2026-03-13,Viernes,Engativá,Correo,Crítica,Teléfono,15,38,4.717671,-74.123161
TK-10335,2026-03-13,Viernes,Engativá,Red,Alta,Portal,15,42,4.698785,-74.129353
TK-10345,2026-03-13,Viernes,Engativá,Red,Media,Portal,15,48,4.716675,-74.119966
TK-10348,2026-03-13,Viernes,Usaquén,Software,Baja,Correo,15,52,4.731923,-74.025587
TK-10347,2026-03-13,Viernes,Engativá,Correo,Media,Portal,16,49,4.707417,-74.12934
TK-10350,2026-03-13,Viernes,Suba,Red,Media,Chat,16,48,4.787696,-74.086447
TK-10342,2026-03-13,Viernes,Engativá,Software,Alta,Chat,20,52,4.715902,-74.131715
TK-10343,2026-03-13,Viernes,Usaquén,Accesos,Media,Chat,22,54,4.734945,-74.019119
TK-10353,2026-03-13,Viernes,Kennedy,Red,Media,Portal,22,60,4.636274,-74.167645
TK-10339,2026-03-13,Viernes,Engativá,Accesos,Media,Portal,23,61,4.71538,-74.120759
TK-10336,2026-03-13,Viernes,Usaquén,Hardware,Media,Chat,24,64,4.746124,-74.016929
TK-10341,2026-03-13,Viernes,Usaquén,Hardware,Alta,Portal,25,61,4.744447,-74.032173
TK-10352,2026-03-13,Viernes,Suba,Red,Media,Portal,25,66,4.806668,-74.094353
TK-10338,2026-03-13,Viernes,Suba,Correo,Alta,Correo,26,62,4.807429,-74.097846
TK-10349,2026-03-13,Viernes,Kennedy,Red,Media,Portal,26,68,4.618676,-74.156926
TK-10370,2026-03-16,Lunes,Suba,Accesos,Media,Chat,1,23,4.786872,-74.078455
TK-10355,2026-03-16,Lunes,Kennedy,Red,Crítica,Correo,3,23,4.618622,-74.158427
TK-10365,2026-03-16,Lunes,Kennedy,Hardware,Alta,Portal,4,26,4.615104,-74.154238
TK-10369,2026-03-16,Lunes,Chapinero,Hardware,Baja,Correo,4,22,4.645145,-74.048213
TK-10354,2026-03-16,Lunes,Engativá,Accesos,Media,Portal,5,25,4.704885,-74.126583
TK-10366,2026-03-16,Lunes,Kennedy,Hardware,Media,Correo,7,31,4.626003,-74.150878
TK-10372,2026-03-16,Lunes,Suba,Accesos,Baja,Correo,7,30,4.789627,-74.079983
TK-10371,2026-03-16,Lunes,Suba,Hardware,Baja,Portal,8,31,4.784642,-74.081115
TK-10361,2026-03-16,Lunes,Suba,Hardware,Media,Portal,9,38,4.791308,-74.096211
TK-10358,2026-03-16,Lunes,Engativá,Software,Media,Portal,10,36,4.70194,-74.119415
TK-10357,2026-03-16,Lunes,Suba,Hardware,Media,Portal,11,35,4.790484,-74.091819
TK-10373,2026-03-16,Lunes,Usaquén,Hardware,Media,Teléfono,11,35,4.732813,-74.026725
TK-10364,2026-03-16,Lunes,Usaquén,Hardware,Alta,Correo,12,35,4.745309,-74.017466
TK-10363,2026-03-16,Lunes,Kennedy,Hardware,Alta,Teléfono,13,40,4.636122,-74.15752
TK-10356,2026-03-16,Lunes,Engativá,Correo,Alta,Correo,14,36,4.715639,-74.126422
TK-10362,2026-03-16,Lunes,Engativá,Correo,Media,Chat,15,44,4.707215,-74.125953
TK-10367,2026-03-16,Lunes,Suba,Red,Media,Teléfono,19,48,4.786849,-74.078702
TK-10360,2026-03-16,Lunes,Kennedy,Accesos,Media,Portal,20,56,4.638481,-74.164859
TK-10368,2026-03-16,Lunes,Usaquén,Red,Media,Correo,22,52,4.751323,-74.015481
TK-10374,2026-03-16,Lunes,Engativá,Correo,Media,Teléfono,22,60,4.709613,-74.118986
TK-10359,2026-03-16,Lunes,Kennedy,Accesos,Crítica,Correo,25,59,4.631693,-74.162497
TK-10378,2026-03-17,Martes,Suba,Correo,Media,Chat,3,20,4.807973,-74.099142
TK-10390,2026-03-17,Martes,Suba,Hardware,Alta,Chat,10,30,4.798659,-74.091397
TK-10393,2026-03-17,Martes,Kennedy,Correo,Media,Teléfono,10,40,4.627656,-74.157828
TK-10380,2026-03-17,Martes,Engativá,Red,Crítica,Teléfono,12,36,4.71931,-74.127415
TK-10391,2026-03-17,Martes,Engativá,Software,Media,Correo,12,40,4.70552,-74.11724
TK-10392,2026-03-17,Martes,Suba,Accesos,Media,Portal,12,42,4.786824,-74.084962
TK-10376,2026-03-17,Martes,Suba,Hardware,Alta,Teléfono,13,34,4.797285,-74.098078
TK-10381,2026-03-17,Martes,Suba,Correo,Media,Chat,13,45,4.790003,-74.080052
TK-10389,2026-03-17,Martes,Kennedy,Software,Alta,Teléfono,13,43,4.637126,-74.155661
TK-10387,2026-03-17,Martes,Engativá,Software,Baja,Portal,16,50,4.709666,-74.125708
TK-10377,2026-03-17,Martes,Chapinero,Correo,Media,Correo,17,46,4.652092,-74.035898
TK-10382,2026-03-17,Martes,Chapinero,Hardware,Media,Portal,17,46,4.651917,-74.038654
TK-10385,2026-03-17,Martes,Kennedy,Hardware,Baja,Chat,18,52,4.637816,-74.156473
TK-10384,2026-03-17,Martes,Chapinero,Red,Alta,Chat,21,54,4.652181,-74.039789
TK-10379,2026-03-17,Martes,Usaquén,Accesos,Crítica,Teléfono,23,55,4.745947,-74.020973
TK-10383,2026-03-17,Martes,Suba,Red,Baja,Correo,24,59,4.784483,-74.095339
TK-10388,2026-03-17,Martes,Kennedy,Hardware,Media,Teléfono,24,61,4.633124,-74.16745
TK-10375,2026-03-17,Martes,Chapinero,Correo,Alta,Teléfono,26,54,4.631956,-74.046815
TK-10386,2026-03-17,Martes,Usaquén,Red,Media,Portal,27,60,4.74675,-74.031772
TK-10406,2026-03-18,Miércoles,Suba,Hardware,Media,Teléfono,3,19,4.797102,-74.080155
TK-10412,2026-03-18,Miércoles,Engativá,Accesos,Media,Correo,4,26,4.699786,-74.113932
TK-10415,2026-03-18,Miércoles,Chapinero,Accesos,Baja,Correo,4,21,4.635819,-74.046592
TK-10403,2026-03-18,Miércoles,Usaquén,Hardware,Crítica,Teléfono,8,20,4.747269,-74.026819
TK-10402,2026-03-18,Miércoles,Kennedy,Accesos,Media,Portal,9,38,4.635733,-74.168433
TK-10413,2026-03-18,Miércoles,Engativá,Software,Baja,Teléfono,9,32,4.715259,-74.117392
TK-10411,2026-03-18,Miércoles,Usaquén,Hardware,Media,Chat,10,30,4.738958,-74.032865
TK-10409,2026-03-18,Miércoles,Chapinero,Software,Alta,Chat,11,35,4.643089,-74.043889
TK-10414,2026-03-18,Miércoles,Engativá,Software,Media,Teléfono,12,40,4.704178,-74.133737
TK-10395,2026-03-18,Miércoles,Engativá,Correo,Crítica,Portal,13,31,4.700968,-74.121853
TK-10401,2026-03-18,Miércoles,Suba,Hardware,Alta,Teléfono,18,48,4.803972,-74.099648
TK-10394,2026-03-18,Miércoles,Kennedy,Accesos,Media,Portal,21,51,4.627307,-74.151633
TK-10404,2026-03-18,Miércoles,Chapinero,Red,Media,Teléfono,21,54,4.649779,-74.031254
TK-10397,2026-03-18,Miércoles,Kennedy,Software,Media,Chat,22,58,4.637159,-74.167313
TK-10407,2026-03-18,Miércoles,Engativá,Accesos,Baja,Chat,22,58,4.706432,-74.130391
TK-10400,2026-03-18,Miércoles,Engativá,Correo,Media,Teléfono,23,53,4.698196,-74.135586
TK-10410,2026-03-18,Miércoles,Chapinero,Red,Alta,Correo,24,55,4.654073,-74.028668
TK-10398,2026-03-18,Miércoles,Engativá,Accesos,Media,Chat,25,63,4.706391,-74.121983
TK-10399,2026-03-18,Miércoles,Engativá,Accesos,Crítica,Portal,25,56,4.71215,-74.135098
TK-10408,2026-03-18,Miércoles,Suba,Accesos,Media,Portal,25,65,4.794535,-74.08811
TK-10396,2026-03-18,Miércoles,Chapinero,Correo,Alta,Correo,27,63,4.644932,-74.027565
TK-10405,2026-03-18,Miércoles,Suba,Hardware,Media,Portal,27,64,4.800347,-74.079539
TK-10422,2026-03-19,Jueves,Engativá,Hardware,Media,Portal,1,23,4.69928,-74.117448
TK-10431,2026-03-19,Jueves,Kennedy,Hardware,Alta,Portal,2,20,4.62341,-74.162549
TK-10433,2026-03-19,Jueves,Engativá,Software,Media,Correo,4,24,4.71874,-74.13245
TK-10429,2026-03-19,Jueves,Usaquén,Software,Media,Correo,5,27,4.746837,-74.030202
TK-10439,2026-03-19,Jueves,Chapinero,Accesos,Alta,Portal,8,27,4.651099,-74.029149
TK-10436,2026-03-19,Jueves,Engativá,Accesos,Media,Chat,9,36,4.699157,-74.130606
TK-10418,2026-03-19,Jueves,Engativá,Hardware,Media,Teléfono,10,36,4.700764,-74.128651
TK-10423,2026-03-19,Jueves,Engativá,Accesos,Alta,Teléfono,11,29,4.717391,-74.136181
TK-10420,2026-03-19,Jueves,Chapinero,Red,Media,Portal,13,43,4.641515,-74.037451
TK-10438,2026-03-19,Jueves,Usaquén,Red,Alta,Chat,14,42,4.734784,-74.032791
TK-10419,2026-03-19,Jueves,Engativá,Hardware,Media,Portal,15,46,4.710593,-74.119999
TK-10430,2026-03-19,Jueves,Suba,Correo,Baja,Portal,17,52,4.789199,-74.084555
TK-10416,2026-03-19,Jueves,Chapinero,Accesos,Media,Portal,18,46,4.643523,-74.039264
TK-10421,2026-03-19,Jueves,Suba,Accesos,Media,Correo,18,46,4.793436,-74.10021
TK-10425,2026-03-19,Jueves,Kennedy,Red,Media,Portal,19,52,4.626859,-74.151069
TK-10427,2026-03-19,Jueves,Engativá,Software,Alta,Chat,21,47,4.717787,-74.125153
TK-10432,2026-03-19,Jueves,Usaquén,Accesos,Baja,Correo,21,54,4.736804,-74.032736
TK-10435,2026-03-19,Jueves,Engativá,Hardware,Alta,Correo,21,54,4.697233,-74.113937
TK-10426,2026-03-19,Jueves,Kennedy,Correo,Baja,Correo,23,60,4.620932,-74.162291
TK-10417,2026-03-19,Jueves,Usaquén,Hardware,Media,Portal,24,59,4.746744,-74.021593
TK-10434,2026-03-19,Jueves,Chapinero,Correo,Media,Teléfono,24,59,4.63391,-74.038399
TK-10424,2026-03-19,Jueves,Kennedy,Hardware,Media,Chat,27,66,4.624033,-74.166915
TK-10428,2026-03-19,Jueves,Kennedy,Software,Media,Teléfono,27,62,4.620829,-74.154808
TK-10437,2026-03-19,Jueves,Kennedy,Hardware,Alta,Portal,27,66,4.61787,-74.169449
TK-10451,2026-03-20,Viernes,Engativá,Correo,Media,Correo,2,20,4.714257,-74.131414
TK-10457,2026-03-20,Viernes,Kennedy,Accesos,Crítica,Portal,2,20,4.638563,-74.146088
TK-10462,2026-03-20,Viernes,Suba,Red,Crítica,Correo,4,23,4.795884,-74.087759
TK-10440,2026-03-20,Viernes,Engativá,Red,Baja,Portal,5,32,4.719583,-74.133244
TK-10446,2026-03-20,Viernes,Suba,Red,Alta,Correo,7,26,4.786828,-74.094804
TK-10448,2026-03-20,Viernes,Kennedy,Red,Crítica,Portal,8,33,4.615103,-74.159021
TK-10456,2026-03-20,Viernes,Kennedy,Red,Crítica,Correo,9,36,4.635621,-74.154923
TK-10444,2026-03-20,Viernes,Suba,Correo,Baja,Chat,11,41,4.787019,-74.098623
TK-10443,2026-03-20,Viernes,Suba,Software,Baja,Portal,12,48,4.79618,-74.099315
TK-10447,2026-03-20,Viernes,Usaquén,Red,Media,Chat,12,37,4.747346,-74.037774
TK-10455,2026-03-20,Viernes,Engativá,Hardware,Media,Correo,13,46,4.720336,-74.119113
TK-10461,2026-03-20,Viernes,Engativá,Red,Crítica,Correo,15,37,4.699873,-74.121687
TK-10452,2026-03-20,Viernes,Chapinero,Hardware,Media,Correo,16,50,4.647989,-74.03031
TK-10460,2026-03-20,Viernes,Suba,Software,Baja,Portal,16,50,4.794872,-74.100177
TK-10441,2026-03-20,Viernes,Chapinero,Correo,Media,Correo,17,49,4.63903,-74.03645
TK-10442,2026-03-20,Viernes,Chapinero,Correo,Alta,Portal,17,44,4.631933,-74.035006
TK-10459,2026-03-20,Viernes,Chapinero,Correo,Alta,Correo,18,50,4.649171,-74.045043
TK-10458,2026-03-20,Viernes,Engativá,Software,Baja,Correo,19,51,4.696951,-74.131036
TK-10453,2026-03-20,Viernes,Engativá,Correo,Media,Teléfono,22,60,4.718638,-74.135646
TK-10445,2026-03-20,Viernes,Kennedy,Red,Baja,Teléfono,24,65,4.624556,-74.168608
TK-10454,2026-03-20,Viernes,Kennedy,Correo,Crítica,Portal,24,58,4.631819,-74.160782
TK-10449,2026-03-20,Viernes,Kennedy,Hardware,Crítica,Chat,25,64,4.63577,-74.163088
TK-10450,2026-03-20,Viernes,Suba,Correo,Alta,Teléfono,27,61,4.793069,-74.099598
TK-10475,2026-03-23,Lunes,Usaquén,Accesos,Alta,Teléfono,1,18,4.738612,-74.030378
TK-10480,2026-03-23,Lunes,Suba,Correo,Alta,Teléfono,2,20,4.790697,-74.086336
TK-10463,2026-03-23,Lunes,Usaquén,Correo,Alta,Correo,3,21,4.751321,-74.036363
TK-10472,2026-03-23,Lunes,Kennedy,Hardware,Media,Chat,3,23,4.638777,-74.163962
TK-10486,2026-03-23,Lunes,Suba,Accesos,Crítica,Chat,4,16,4.796012,-74.094108
TK-10483,2026-03-23,Lunes,Chapinero,Accesos,Crítica,Portal,5,19,4.634625,-74.03725
TK-10485,2026-03-23,Lunes,Usaquén,Red,Media,Teléfono,5,27,4.737856,-74.022279
TK-10474,2026-03-23,Lunes,Engativá,Accesos,Alta,Teléfono,6,22,4.711297,-74.126147
TK-10477,2026-03-23,Lunes,Kennedy,Hardware,Alta,Portal,6,28,4.627669,-74.156818
TK-10469,2026-03-23,Lunes,Kennedy,Correo,Media,Teléfono,7,30,4.632381,-74.167239
TK-10464,2026-03-23,Lunes,Kennedy,Accesos,Alta,Teléfono,9,33,4.622965,-74.163609
TK-10473,2026-03-23,Lunes,Kennedy,Red,Media,Teléfono,10,40,4.627398,-74.16014
TK-10466,2026-03-23,Lunes,Suba,Software,Crítica,Teléfono,12,33,4.795424,-74.095986
TK-10479,2026-03-23,Lunes,Engativá,Correo,Alta,Chat,14,38,4.714093,-74.11396
TK-10470,2026-03-23,Lunes,Kennedy,Correo,Media,Chat,16,48,4.617691,-74.15274
TK-10476,2026-03-23,Lunes,Kennedy,Correo,Alta,Teléfono,16,44,4.618628,-74.152761
TK-10482,2026-03-23,Lunes,Suba,Accesos,Alta,Correo,17,42,4.788295,-74.078145
TK-10487,2026-03-23,Lunes,Suba,Software,Media,Chat,18,52,4.799633,-74.099728
TK-10465,2026-03-23,Lunes,Kennedy,Hardware,Media,Teléfono,19,57,4.629312,-74.157058
TK-10484,2026-03-23,Lunes,Engativá,Hardware,Media,Correo,19,51,4.70891,-74.134488
TK-10468,2026-03-23,Lunes,Engativá,Software,Media,Correo,21,57,4.708009,-74.124719
TK-10467,2026-03-23,Lunes,Chapinero,Red,Crítica,Portal,23,50,4.650197,-74.042538
TK-10478,2026-03-23,Lunes,Kennedy,Hardware,Alta,Teléfono,24,57,4.619583,-74.155747
TK-10471,2026-03-23,Lunes,Suba,Accesos,Media,Correo,27,63,4.798637,-74.098245
TK-10481,2026-03-23,Lunes,Suba,Hardware,Media,Portal,27,67,4.80622,-74.081996
TK-10509,2026-03-24,Martes,Suba,Red,Baja,Teléfono,1,18,4.804713,-74.092775
TK-10508,2026-03-24,Martes,Kennedy,Hardware,Crítica,Portal,2,18,4.628824,-74.168615
TK-10489,2026-03-24,Martes,Usaquén,Hardware,Media,Portal,4,22,4.75038,-74.037702
TK-10491,2026-03-24,Martes,Suba,Accesos,Media,Correo,6,28,4.798931,-74.08783
TK-10495,2026-03-24,Martes,Kennedy,Software,Baja,Correo,7,36,4.620347,-74.14988
TK-10497,2026-03-24,Martes,Suba,Accesos,Alta,Portal,7,29,4.79157,-74.090358
TK-10501,2026-03-24,Martes,Kennedy,Red,Baja,Teléfono,7,37,4.619701,-74.162983
TK-10496,2026-03-24,Martes,Chapinero,Hardware,Media,Teléfono,10,38,4.633601,-74.041921
TK-10498,2026-03-24,Martes,Kennedy,Software,Media,Portal,12,38,4.624628,-74.152644
TK-10499,2026-03-24,Martes,Usaquén,Red,Media,Correo,12,41,4.746949,-74.01872
TK-10510,2026-03-24,Martes,Chapinero,Hardware,Crítica,Correo,12,28,4.634936,-74.042836
TK-10502,2026-03-24,Martes,Kennedy,Accesos,Alta,Teléfono,14,40,4.628811,-74.153038
TK-10505,2026-03-24,Martes,Kennedy,Accesos,Baja,Correo,14,44,4.633361,-74.164392
TK-10503,2026-03-24,Martes,Kennedy,Accesos,Crítica,Correo,16,42,4.619559,-74.16654
TK-10493,2026-03-24,Martes,Suba,Accesos,Baja,Correo,17,46,4.795021,-74.097408
TK-10488,2026-03-24,Martes,Suba,Hardware,Baja,Chat,19,50,4.792861,-74.083682
TK-10494,2026-03-24,Martes,Usaquén,Red,Media,Portal,21,57,4.74845,-74.023503
TK-10506,2026-03-24,Martes,Usaquén,Hardware,Crítica,Teléfono,23,49,4.747174,-74.018106
TK-10504,2026-03-24,Martes,Kennedy,Hardware,Media,Portal,24,58,4.628567,-74.146656
TK-10507,2026-03-24,Martes,Chapinero,Hardware,Baja,Portal,24,61,4.640476,-74.027989
TK-10492,2026-03-24,Martes,Engativá,Correo,Crítica,Teléfono,25,51,4.703005,-74.126837
TK-10500,2026-03-24,Martes,Kennedy,Red,Media,Chat,25,67,4.627324,-74.155713
TK-10490,2026-03-24,Martes,Engativá,Correo,Media,Teléfono,27,65,4.70397,-74.120754
TK-10512,2026-03-25,Miércoles,Chapinero,Correo,Alta,Correo,2,18,4.65122,-74.046088
TK-10518,2026-03-25,Miércoles,Suba,Accesos,Alta,Correo,3,17,4.805932,-74.08364
TK-10523,2026-03-25,Miércoles,Suba,Correo,Baja,Portal,7,27,4.788539,-74.097366
TK-10516,2026-03-25,Miércoles,Kennedy,Red,Baja,Correo,10,34,4.637985,-74.169107
TK-10524,2026-03-25,Miércoles,Engativá,Correo,Media,Correo,10,32,4.70019,-74.131186
TK-10511,2026-03-25,Miércoles,Kennedy,Software,Baja,Correo,14,48,4.628631,-74.149473
TK-10522,2026-03-25,Miércoles,Kennedy,Accesos,Alta,Teléfono,14,38,4.617885,-74.168291
TK-10514,2026-03-25,Miércoles,Suba,Software,Media,Chat,16,42,4.793174,-74.095261
TK-10513,2026-03-25,Miércoles,Suba,Correo,Baja,Portal,17,45,4.785187,-74.080162
TK-10519,2026-03-25,Miércoles,Suba,Accesos,Media,Correo,19,49,4.785115,-74.078966
TK-10517,2026-03-25,Miércoles,Chapinero,Correo,Media,Chat,22,52,4.650081,-74.049221
TK-10520,2026-03-25,Miércoles,Chapinero,Hardware,Media,Correo,22,52,4.65031,-74.047004
TK-10515,2026-03-25,Miércoles,Suba,Hardware,Alta,Teléfono,24,55,4.785224,-74.096441
TK-10521,2026-03-25,Miércoles,Chapinero,Software,Alta,Chat,24,56,4.651422,-74.033295
TK-10525,2026-03-25,Miércoles,Chapinero,Hardware,Media,Teléfono,27,59,4.651717,-74.048629
TK-10539,2026-03-26,Jueves,Usaquén,Correo,Media,Chat,2,16,4.74923,-74.023507
TK-10548,2026-03-26,Jueves,Kennedy,Red,Crítica,Portal,2,14,4.616676,-74.162789
TK-10527,2026-03-26,Jueves,Engativá,Correo,Media,Correo,3,21,4.699105,-74.125414
TK-10531,2026-03-26,Jueves,Kennedy,Software,Baja,Portal,4,27,4.63293,-74.153903
TK-10534,2026-03-26,Jueves,Engativá,Software,Media,Portal,4,22,4.705471,-74.133643
TK-10537,2026-03-26,Jueves,Usaquén,Software,Media,Portal,4,26,4.751105,-74.015091
TK-10532,2026-03-26,Jueves,Suba,Correo,Baja,Correo,6,32,4.791063,-74.090003
TK-10535,2026-03-26,Jueves,Kennedy,Correo,Baja,Chat,8,31,4.638823,-74.150075
TK-10542,2026-03-26,Jueves,Kennedy,Hardware,Baja,Teléfono,8,32,4.630276,-74.148537
TK-10540,2026-03-26,Jueves,Kennedy,Hardware,Baja,Portal,10,40,4.624712,-74.148884
TK-10529,2026-03-26,Jueves,Kennedy,Accesos,Alta,Portal,12,37,4.62922,-74.161397
TK-10543,2026-03-26,Jueves,Usaquén,Hardware,Baja,Correo,12,36,4.738578,-74.019917
TK-10533,2026-03-26,Jueves,Engativá,Accesos,Media,Correo,13,36,4.70286,-74.123462
TK-10526,2026-03-26,Jueves,Kennedy,Correo,Media,Correo,15,42,4.629413,-74.167351
TK-10547,2026-03-26,Jueves,Suba,Accesos,Media,Correo,16,45,4.786073,-74.086266
TK-10528,2026-03-26,Jueves,Suba,Correo,Media,Portal,17,51,4.795991,-74.091477
TK-10538,2026-03-26,Jueves,Engativá,Accesos,Media,Correo,18,48,4.706221,-74.122626
TK-10541,2026-03-26,Jueves,Kennedy,Red,Media,Chat,18,54,4.637275,-74.154116
TK-10545,2026-03-26,Jueves,Kennedy,Red,Media,Portal,18,50,4.629155,-74.150775
TK-10530,2026-03-26,Jueves,Kennedy,Red,Baja,Correo,20,57,4.637742,-74.165124
TK-10536,2026-03-26,Jueves,Chapinero,Hardware,Media,Chat,20,49,4.654838,-74.048563
TK-10546,2026-03-26,Jueves,Kennedy,Hardware,Media,Portal,24,60,4.615186,-74.160651
TK-10544,2026-03-26,Jueves,Suba,Accesos,Baja,Chat,26,68,4.789372,-74.089595
TK-10549,2026-03-27,Viernes,Usaquén,Red,Alta,Teléfono,1,21,4.747231,-74.01835
TK-10569,2026-03-27,Viernes,Usaquén,Software,Alta,Correo,2,18,4.734254,-74.016052
TK-10571,2026-03-27,Viernes,Kennedy,Hardware,Media,Portal,2,22,4.635041,-74.154511
TK-10556,2026-03-27,Viernes,Suba,Red,Media,Correo,4,28,4.78785,-74.082012
TK-10558,2026-03-27,Viernes,Engativá,Accesos,Media,Chat,4,29,4.711753,-74.131438
TK-10562,2026-03-27,Viernes,Kennedy,Hardware,Baja,Portal,4,28,4.631255,-74.16637
TK-10561,2026-03-27,Viernes,Suba,Hardware,Baja,Correo,6,34,4.79903,-74.086778
TK-10572,2026-03-27,Viernes,Chapinero,Software,Media,Portal,6,32,4.634832,-74.028015
TK-10565,2026-03-27,Viernes,Usaquén,Software,Alta,Portal,9,30,4.739861,-74.014982
TK-10568,2026-03-27,Viernes,Kennedy,Red,Baja,Chat,9,41,4.625974,-74.145986
TK-10553,2026-03-27,Viernes,Kennedy,Hardware,Alta,Chat,10,36,4.634093,-74.146304
TK-10566,2026-03-27,Viernes,Kennedy,Software,Media,Correo,17,52,4.638789,-74.165088
TK-10559,2026-03-27,Viernes,Kennedy,Correo,Media,Portal,18,58,4.621735,-74.164134
TK-10552,2026-03-27,Viernes,Chapinero,Accesos,Baja,Chat,19,58,4.632192,-74.044472
TK-10560,2026-03-27,Viernes,Kennedy,Accesos,Baja,Portal,20,57,4.632633,-74.168085
TK-10570,2026-03-27,Viernes,Usaquén,Accesos,Media,Portal,20,54,4.729091,-74.018578
TK-10557,2026-03-27,Viernes,Engativá,Red,Baja,Teléfono,21,60,4.696882,-74.122117
TK-10550,2026-03-27,Viernes,Engativá,Correo,Baja,Chat,22,56,4.696793,-74.135513
TK-10551,2026-03-27,Viernes,Engativá,Correo,Baja,Teléfono,23,62,4.700378,-74.114817
TK-10563,2026-03-27,Viernes,Chapinero,Software,Media,Portal,23,57,4.637856,-74.032308
TK-10567,2026-03-27,Viernes,Suba,Accesos,Media,Correo,24,64,4.797209,-74.09543
TK-10573,2026-03-27,Viernes,Engativá,Red,Alta,Chat,25,57,4.706646,-74.118132
TK-10554,2026-03-27,Viernes,Kennedy,Accesos,Media,Portal,26,72,4.636398,-74.161979
TK-10555,2026-03-27,Viernes,Chapinero,Hardware,Media,Portal,26,66,4.654706,-74.048884
TK-10564,2026-03-27,Viernes,Chapinero,Software,Media,Correo,26,64,4.640494,-74.041835
TK-10594,2026-03-30,Lunes,Kennedy,Hardware,Media,Teléfono,1,18,4.634227,-74.163407
TK-10584,2026-03-30,Lunes,Suba,Red,Media,Chat,3,27,4.795016,-74.077982
TK-10591,2026-03-30,Lunes,Usaquén,Software,Crítica,Teléfono,4,18,4.734485,-74.031399
TK-10579,2026-03-30,Lunes,Engativá,Correo,Baja,Portal,5,33,4.702198,-74.122834
TK-10595,2026-03-30,Lunes,Kennedy,Software,Crítica,Chat,8,24,4.618817,-74.150867
TK-10586,2026-03-30,Lunes,Kennedy,Red,Baja,Correo,9,41,4.631282,-74.151008
TK-10587,2026-03-30,Lunes,Kennedy,Software,Media,Teléfono,9,36,4.617945,-74.157581
TK-10593,2026-03-30,Lunes,Suba,Red,Media,Correo,9,33,4.784812,-74.099788
TK-10597,2026-03-30,Lunes,Kennedy,Accesos,Crítica,Teléfono,9,29,4.63073,-74.157531
TK-10574,2026-03-30,Lunes,Engativá,Correo,Media,Teléfono,10,32,4.708219,-74.121635
TK-10596,2026-03-30,Lunes,Usaquén,Accesos,Media,Chat,10,32,4.741041,-74.028686
TK-10583,2026-03-30,Lunes,Suba,Correo,Media,Correo,12,40,4.803241,-74.085603
TK-10581,2026-03-30,Lunes,Engativá,Software,Media,Teléfono,13,38,4.71666,-74.12065
TK-10590,2026-03-30,Lunes,Usaquén,Hardware,Media,Teléfono,15,45,4.741256,-74.038524
TK-10592,2026-03-30,Lunes,Kennedy,Hardware,Media,Portal,15,47,4.628022,-74.15755
TK-10576,2026-03-30,Lunes,Kennedy,Red,Alta,Teléfono,16,49,4.628349,-74.149112
TK-10578,2026-03-30,Lunes,Chapinero,Hardware,Alta,Chat,16,44,4.637274,-74.049612
TK-10585,2026-03-30,Lunes,Engativá,Red,Media,Chat,17,52,4.709769,-74.118784
TK-10577,2026-03-30,Lunes,Kennedy,Software,Media,Teléfono,18,48,4.622433,-74.157813
TK-10575,2026-03-30,Lunes,Engativá,Software,Media,Chat,21,56,4.710191,-74.119475
TK-10589,2026-03-30,Lunes,Usaquén,Correo,Media,Chat,21,58,4.73359,-74.037836
TK-10580,2026-03-30,Lunes,Suba,Correo,Baja,Portal,22,56,4.80143,-74.100831
TK-10582,2026-03-30,Lunes,Usaquén,Red,Alta,Teléfono,22,54,4.74589,-74.029136
TK-10588,2026-03-30,Lunes,Chapinero,Correo,Alta,Chat,27,63,4.633915,-74.038633
TK-10602,2026-03-31,Martes,Chapinero,Accesos,Alta,Chat,1,19,4.633905,-74.04584
TK-10600,2026-03-31,Martes,Kennedy,Correo,Media,Portal,2,22,4.616083,-74.160471
TK-10601,2026-03-31,Martes,Suba,Red,Baja,Teléfono,4,31,4.792393,-74.09021
TK-10605,2026-03-31,Martes,Engativá,Software,Alta,Correo,4,24,4.71396,-74.124887
TK-10608,2026-03-31,Martes,Kennedy,Software,Baja,Correo,7,36,4.638416,-74.154263
TK-10611,2026-03-31,Martes,Suba,Accesos,Media,Correo,7,29,4.787087,-74.084289
TK-10613,2026-03-31,Martes,Usaquén,Accesos,Alta,Portal,10,34,4.744389,-74.027711
TK-10606,2026-03-31,Martes,Engativá,Hardware,Media,Correo,11,34,4.700664,-74.123725
TK-10612,2026-03-31,Martes,Chapinero,Correo,Baja,Chat,11,33,4.648069,-74.045642
TK-10604,2026-03-31,Martes,Engativá,Correo,Crítica,Teléfono,13,30,4.703293,-74.131882
TK-10609,2026-03-31,Martes,Engativá,Correo,Crítica,Teléfono,13,36,4.719633,-74.131722
TK-10603,2026-03-31,Martes,Kennedy,Red,Baja,Correo,16,50,4.63514,-74.169767
TK-10614,2026-03-31,Martes,Kennedy,Software,Media,Portal,22,54,4.63416,-74.147058
TK-10599,2026-03-31,Martes,Engativá,Correo,Alta,Correo,23,56,4.70135,-74.113993
TK-10610,2026-03-31,Martes,Suba,Accesos,Media,Teléfono,24,62,4.789508,-74.097869
TK-10598,2026-03-31,Martes,Kennedy,Software,Media,Chat,26,62,4.633948,-74.157811
TK-10607,2026-03-31,Martes,Kennedy,Accesos,Alta,Teléfono,26,64,4.626836,-74.164193
TK-10615,2026-03-31,Martes,Kennedy,Red,Alta,Portal,26,62,4.636216,-74.15254
TK-10625,2026-04-01,Miércoles,Chapinero,Correo,Baja,Portal,1,20,4.653524,-74.039719
TK-10624,2026-04-01,Miércoles,Usaquén,Correo,Alta,Chat,2,18,4.74702,-74.023769
TK-10620,2026-04-01,Miércoles,Kennedy,Hardware,Baja,Correo,4,23,4.633991,-74.167548
TK-10631,2026-04-01,Miércoles,Suba,Hardware,Alta,Chat,4,22,4.794193,-74.097697
TK-10628,2026-04-01,Miércoles,Suba,Accesos,Media,Teléfono,6,28,4.807696,-74.083649
TK-10629,2026-04-01,Miércoles,Kennedy,Accesos,Media,Correo,6,28,4.626986,-74.162755
TK-10617,2026-04-01,Miércoles,Kennedy,Red,Baja,Chat,7,34,4.636944,-74.153752
TK-10618,2026-04-01,Miércoles,Kennedy,Hardware,Media,Chat,10,36,4.629741,-74.147072
TK-10619,2026-04-01,Miércoles,Chapinero,Correo,Media,Chat,11,31,4.653248,-74.038409
TK-10622,2026-04-01,Miércoles,Suba,Correo,Media,Portal,12,38,4.789367,-74.083526
TK-10632,2026-04-01,Miércoles,Suba,Accesos,Baja,Chat,14,44,4.792939,-74.08017
TK-10627,2026-04-01,Miércoles,Suba,Hardware,Baja,Correo,16,47,4.787805,-74.086215
TK-10626,2026-04-01,Miércoles,Usaquén,Software,Baja,Chat,18,48,4.751878,-74.024175
TK-10623,2026-04-01,Miércoles,Chapinero,Accesos,Media,Correo,20,50,4.641841,-74.046843
TK-10616,2026-04-01,Miércoles,Usaquén,Accesos,Alta,Chat,22,50,4.73033,-74.02101
TK-10621,2026-04-01,Miércoles,Kennedy,Accesos,Media,Correo,22,56,4.626229,-74.158833
TK-10630,2026-04-01,Miércoles,Engativá,Accesos,Media,Chat,25,63,4.711454,-74.132609
TK-10634,2026-04-02,Jueves,Usaquén,Accesos,Media,Chat,2,22,4.739669,-74.032868
TK-10635,2026-04-02,Jueves,Usaquén,Software,Alta,Correo,4,22,4.752084,-74.028414
TK-10647,2026-04-02,Jueves,Engativá,Red,Media,Correo,5,25,4.719384,-74.117491
TK-10649,2026-04-02,Jueves,Kennedy,Hardware,Media,Portal,8,35,4.629891,-74.162189
TK-10639,2026-04-02,Jueves,Usaquén,Red,Alta,Portal,9,32,4.749604,-74.018503
TK-10648,2026-04-02,Jueves,Suba,Correo,Alta,Chat,10,36,4.789915,-74.086934
TK-10638,2026-04-02,Jueves,Kennedy,Hardware,Media,Chat,11,34,4.618103,-74.166777
TK-10640,2026-04-02,Jueves,Usaquén,Red,Media,Portal,14,38,4.745342,-74.019367
TK-10646,2026-04-02,Jueves,Engativá,Red,Media,Portal,14,44,4.711061,-74.131681
TK-10636,2026-04-02,Jueves,Usaquén,Software,Alta,Chat,15,36,4.737824,-74.032702
TK-10643,2026-04-02,Jueves,Kennedy,Correo,Media,Chat,15,49,4.63724,-74.153559
TK-10633,2026-04-02,Jueves,Engativá,Red,Media,Correo,19,51,4.714318,-74.126271
TK-10650,2026-04-02,Jueves,Engativá,Correo,Alta,Portal,19,44,4.702925,-74.133038
TK-10645,2026-04-02,Jueves,Suba,Software,Media,Correo,20,55,4.795309,-74.086183
TK-10637,2026-04-02,Jueves,Engativá,Correo,Baja,Chat,22,58,4.712879,-74.131916
TK-10642,2026-04-02,Jueves,Kennedy,Red,Media,Chat,23,58,4.632138,-74.168575
TK-10641,2026-04-02,Jueves,Engativá,Correo,Crítica,Portal,25,53,4.718616,-74.134188
TK-10644,2026-04-02,Jueves,Kennedy,Red,Baja,Correo,25,65,4.634123,-74.168839
TK-10653,2026-04-03,Viernes,Kennedy,Accesos,Media,Portal,1,26,4.635677,-74.16203
TK-10673,2026-04-03,Viernes,Kennedy,Correo,Baja,Portal,4,31,4.622347,-74.158358
TK-10674,2026-04-03,Viernes,Chapinero,Correo,Baja,Chat,4,25,4.633696,-74.044586
TK-10652,2026-04-03,Viernes,Suba,Accesos,Baja,Portal,5,33,4.806334,-74.095122
TK-10669,2026-04-03,Viernes,Usaquén,Accesos,Media,Chat,7,33,4.751048,-74.034957
TK-10670,2026-04-03,Viernes,Usaquén,Software,Media,Chat,7,31,4.73103,-74.023698
TK-10672,2026-04-03,Viernes,Suba,Software,Media,Chat,7,31,4.794198,-74.081164
TK-10667,2026-04-03,Viernes,Usaquén,Hardware,Baja,Chat,9,42,4.739222,-74.030766
TK-10671,2026-04-03,Viernes,Usaquén,Software,Media,Portal,10,34,4.733072,-74.019796
TK-10661,2026-04-03,Viernes,Suba,Software,Baja,Chat,12,41,4.80312,-74.098231
TK-10658,2026-04-03,Viernes,Usaquén,Hardware,Baja,Portal,13,41,4.745488,-74.018719
TK-10665,2026-04-03,Viernes,Engativá,Accesos,Baja,Chat,14,42,4.716547,-74.120469
TK-10660,2026-04-03,Viernes,Usaquén,Accesos,Media,Correo,16,48,4.737078,-74.024002
TK-10662,2026-04-03,Viernes,Suba,Correo,Alta,Portal,16,47,4.788941,-74.097364
TK-10664,2026-04-03,Viernes,Usaquén,Software,Media,Chat,16,51,4.745849,-74.020483
TK-10655,2026-04-03,Viernes,Kennedy,Accesos,Alta,Teléfono,17,51,4.631585,-74.149853
TK-10668,2026-04-03,Viernes,Engativá,Accesos,Media,Portal,17,50,4.711134,-74.132194
TK-10663,2026-04-03,Viernes,Engativá,Hardware,Media,Chat,19,53,4.698624,-74.117005
TK-10666,2026-04-03,Viernes,Suba,Software,Baja,Teléfono,21,64,4.79633,-74.101736
TK-10656,2026-04-03,Viernes,Suba,Hardware,Media,Correo,23,59,4.792775,-74.097263
TK-10657,2026-04-03,Viernes,Engativá,Accesos,Baja,Correo,23,64,4.697445,-74.116985
TK-10651,2026-04-03,Viernes,Engativá,Correo,Media,Portal,24,63,4.715315,-74.114777
TK-10659,2026-04-03,Viernes,Suba,Accesos,Alta,Portal,24,56,4.801877,-74.095268
TK-10654,2026-04-03,Viernes,Kennedy,Red,Alta,Chat,25,64,4.622043,-74.162041
TK-10691,2026-04-06,Lunes,Usaquén,Hardware,Media,Chat,3,23,4.74793,-74.025016
TK-10692,2026-04-06,Lunes,Kennedy,Accesos,Media,Chat,4,29,4.63547,-74.163155
TK-10679,2026-04-06,Lunes,Suba,Hardware,Media,Teléfono,6,32,4.792556,-74.095182
TK-10694,2026-04-06,Lunes,Kennedy,Software,Media,Portal,6,34,4.618924,-74.163931
TK-10677,2026-04-06,Lunes,Usaquén,Hardware,Media,Portal,8,30,4.729408,-74.020714
TK-10683,2026-04-06,Lunes,Engativá,Accesos,Baja,Chat,8,36,4.716143,-74.136307
TK-10676,2026-04-06,Lunes,Kennedy,Correo,Baja,Chat,9,37,4.636287,-74.167559
TK-10696,2026-04-06,Lunes,Usaquén,Accesos,Media,Teléfono,10,32,4.739726,-74.031928
TK-10684,2026-04-06,Lunes,Chapinero,Accesos,Alta,Chat,11,31,4.642941,-74.046437
TK-10698,2026-04-06,Lunes,Usaquén,Red,Alta,Correo,12,39,4.743327,-74.017857
TK-10695,2026-04-06,Lunes,Usaquén,Accesos,Media,Portal,13,45,4.734376,-74.016894
TK-10689,2026-04-06,Lunes,Engativá,Hardware,Media,Portal,14,42,4.702413,-74.119203
TK-10690,2026-04-06,Lunes,Engativá,Red,Media,Correo,14,40,4.699749,-74.136445
TK-10682,2026-04-06,Lunes,Usaquén,Hardware,Media,Chat,15,45,4.737397,-74.020448
TK-10688,2026-04-06,Lunes,Usaquén,Red,Media,Chat,15,43,4.751211,-74.038091
TK-10693,2026-04-06,Lunes,Usaquén,Software,Crítica,Chat,16,38,4.734078,-74.032438
TK-10687,2026-04-06,Lunes,Usaquén,Correo,Alta,Teléfono,21,55,4.750417,-74.032114
TK-10675,2026-04-06,Lunes,Usaquén,Accesos,Media,Teléfono,22,56,4.738108,-74.029026
TK-10686,2026-04-06,Lunes,Chapinero,Red,Media,Teléfono,22,52,4.646035,-74.045144
TK-10699,2026-04-06,Lunes,Engativá,Hardware,Media,Teléfono,22,58,4.70501,-74.120044
TK-10678,2026-04-06,Lunes,Engativá,Hardware,Baja,Chat,24,66,4.700315,-74.126982
TK-10681,2026-04-06,Lunes,Suba,Accesos,Crítica,Portal,25,59,4.790522,-74.087784
TK-10697,2026-04-06,Lunes,Chapinero,Correo,Alta,Teléfono,25,54,4.652029,-74.031275
TK-10685,2026-04-06,Lunes,Suba,Accesos,Media,Correo,26,64,4.796835,-74.0916
TK-10680,2026-04-06,Lunes,Chapinero,Hardware,Media,Correo,27,67,4.636426,-74.041023
TK-10720,2026-04-07,Martes,Engativá,Software,Media,Teléfono,1,22,4.710431,-74.135253
TK-10712,2026-04-07,Martes,Kennedy,Software,Media,Correo,2,22,4.626924,-74.15677
TK-10709,2026-04-07,Martes,Suba,Software,Baja,Correo,5,30,4.800092,-74.085109
TK-10710,2026-04-07,Martes,Usaquén,Correo,Baja,Correo,5,24,4.730727,-74.033422
TK-10705,2026-04-07,Martes,Chapinero,Correo,Alta,Portal,6,24,4.646566,-74.028043
TK-10714,2026-04-07,Martes,Chapinero,Accesos,Media,Portal,6,28,4.6538,-74.036231
TK-10717,2026-04-07,Martes,Usaquén,Correo,Media,Portal,6,26,4.734612,-74.031277
TK-10713,2026-04-07,Martes,Usaquén,Accesos,Alta,Correo,7,26,4.738088,-74.016692
TK-10708,2026-04-07,Martes,Kennedy,Hardware,Media,Chat,8,32,4.630732,-74.153418
TK-10719,2026-04-07,Martes,Kennedy,Accesos,Alta,Chat,8,31,4.634934,-74.147085
TK-10715,2026-04-07,Martes,Chapinero,Software,Crítica,Correo,9,24,4.649111,-74.045891
TK-10716,2026-04-07,Martes,Suba,Hardware,Alta,Chat,10,36,4.793509,-74.083197
TK-10700,2026-04-07,Martes,Suba,Software,Media,Correo,14,46,4.804857,-74.101732
TK-10718,2026-04-07,Martes,Chapinero,Correo,Alta,Correo,14,38,4.647407,-74.037763
TK-10702,2026-04-07,Martes,Engativá,Red,Baja,Teléfono,15,43,4.706341,-74.128088
TK-10721,2026-04-07,Martes,Engativá,Accesos,Baja,Correo,17,47,4.69908,-74.125964
TK-10701,2026-04-07,Martes,Kennedy,Red,Baja,Teléfono,18,48,4.63004,-74.166133
TK-10711,2026-04-07,Martes,Suba,Software,Alta,Teléfono,18,42,4.795035,-74.079394
TK-10704,2026-04-07,Martes,Engativá,Correo,Media,Chat,21,57,4.70509,-74.127998
TK-10706,2026-04-07,Martes,Suba,Accesos,Media,Correo,22,54,4.796548,-74.085656
TK-10703,2026-04-07,Martes,Suba,Accesos,Alta,Chat,24,58,4.805025,-74.086095
TK-10707,2026-04-07,Martes,Suba,Software,Media,Chat,25,66,4.790314,-74.082852
TK-10722,2026-04-07,Martes,Usaquén,Red,Media,Correo,25,59,4.748203,-74.020183
TK-10723,2026-04-08,Miércoles,Engativá,Red,Media,Portal,1,18,4.709039,-74.114606
TK-10726,2026-04-08,Miércoles,Suba,Red,Baja,Correo,1,17,4.787698,-74.084472
TK-10735,2026-04-08,Miércoles,Chapinero,Red,Alta,Teléfono,1,11,4.64354,-74.030697
TK-10730,2026-04-08,Miércoles,Engativá,Red,Baja,Correo,2,22,4.697671,-74.13169
TK-10732,2026-04-08,Miércoles,Engativá,Software,Media,Teléfono,3,25,4.706402,-74.122734
TK-10737,2026-04-08,Miércoles,Suba,Hardware,Media,Portal,7,31,4.807052,-74.098525
TK-10733,2026-04-08,Miércoles,Usaquén,Software,Baja,Portal,8,32,4.729582,-74.03569
TK-10724,2026-04-08,Miércoles,Chapinero,Software,Crítica,Chat,15,37,4.640881,-74.041295
TK-10731,2026-04-08,Miércoles,Kennedy,Red,Media,Teléfono,15,41,4.630408,-74.148388
TK-10725,2026-04-08,Miércoles,Suba,Red,Alta,Teléfono,16,45,4.802491,-74.081203
TK-10727,2026-04-08,Miércoles,Kennedy,Software,Media,Chat,18,50,4.635544,-74.167904
TK-10734,2026-04-08,Miércoles,Kennedy,Red,Baja,Portal,20,55,4.633438,-74.161767
TK-10736,2026-04-08,Miércoles,Engativá,Correo,Crítica,Correo,20,44,4.706631,-74.123435
TK-10729,2026-04-08,Miércoles,Suba,Correo,Alta,Correo,21,48,4.78745,-74.099159
TK-10738,2026-04-08,Miércoles,Usaquén,Software,Media,Teléfono,25,59,4.750814,-74.032921
TK-10739,2026-04-08,Miércoles,Kennedy,Correo,Media,Correo,25,59,4.631048,-74.157372
TK-10728,2026-04-08,Miércoles,Kennedy,Software,Media,Chat,27,67,4.63292,-74.162989
TK-10752,2026-04-09,Jueves,Usaquén,Hardware,Alta,Chat,2,20,4.732223,-74.025113
TK-10747,2026-04-09,Jueves,Usaquén,Hardware,Media,Teléfono,5,24,4.752219,-74.027734
TK-10749,2026-04-09,Jueves,Kennedy,Software,Media,Chat,5,24,4.615517,-74.158747
TK-10742,2026-04-09,Jueves,Usaquén,Correo,Media,Teléfono,6,28,4.734147,-74.017156
TK-10751,2026-04-09,Jueves,Suba,Software,Media,Chat,7,26,4.797303,-74.098474
TK-10745,2026-04-09,Jueves,Chapinero,Accesos,Alta,Chat,8,29,4.643718,-74.031584
TK-10754,2026-04-09,Jueves,Engativá,Correo,Alta,Chat,10,30,4.717646,-74.116703
TK-10740,2026-04-09,Jueves,Chapinero,Correo,Media,Teléfono,12,40,4.651637,-74.04445
TK-10755,2026-04-09,Jueves,Suba,Correo,Alta,Correo,13,42,4.791797,-74.082483
TK-10741,2026-04-09,Jueves,Usaquén,Hardware,Baja,Teléfono,18,46,4.734072,-74.020904
TK-10748,2026-04-09,Jueves,Engativá,Correo,Media,Correo,18,48,4.698775,-74.122313
TK-10743,2026-04-09,Jueves,Chapinero,Red,Media,Teléfono,19,46,4.641933,-74.039696
TK-10753,2026-04-09,Jueves,Kennedy,Software,Alta,Correo,21,54,4.620621,-74.168082
TK-10750,2026-04-09,Jueves,Usaquén,Accesos,Media,Chat,22,54,4.735537,-74.015751
TK-10744,2026-04-09,Jueves,Kennedy,Correo,Media,Teléfono,23,61,4.619988,-74.146208
TK-10746,2026-04-09,Jueves,Kennedy,Correo,Baja,Correo,25,69,4.620342,-74.147315
TK-10757,2026-04-10,Viernes,Kennedy,Hardware,Alta,Chat,2,18,4.637539,-74.159362
TK-10761,2026-04-10,Viernes,Kennedy,Correo,Baja,Portal,3,28,4.626094,-74.160266
TK-10770,2026-04-10,Viernes,Chapinero,Red,Alta,Correo,3,23,4.633575,-74.039445
TK-10783,2026-04-10,Viernes,Kennedy,Software,Alta,Portal,3,21,4.637278,-74.154987
TK-10775,2026-04-10,Viernes,Kennedy,Software,Media,Correo,4,29,4.620516,-74.148294
TK-10773,2026-04-10,Viernes,Engativá,Software,Alta,Chat,5,22,4.706564,-74.117533
TK-10759,2026-04-10,Viernes,Engativá,Software,Alta,Chat,6,32,4.709166,-74.135888
TK-10780,2026-04-10,Viernes,Engativá,Red,Media,Teléfono,6,26,4.700857,-74.125175
TK-10771,2026-04-10,Viernes,Suba,Accesos,Media,Chat,7,35,4.801773,-74.094311
TK-10782,2026-04-10,Viernes,Chapinero,Software,Baja,Correo,7,29,4.654303,-74.029511
TK-10763,2026-04-10,Viernes,Engativá,Correo,Media,Teléfono,8,37,4.715141,-74.114895
TK-10785,2026-04-10,Viernes,Usaquén,Software,Baja,Teléfono,8,36,4.734902,-74.026982
TK-10768,2026-04-10,Viernes,Suba,Hardware,Media,Correo,9,34,4.793384,-74.079659
TK-10779,2026-04-10,Viernes,Engativá,Accesos,Crítica,Teléfono,9,30,4.710758,-74.126339
TK-10764,2026-04-10,Viernes,Suba,Software,Media,Correo,10,36,4.786468,-74.089609
TK-10765,2026-04-10,Viernes,Kennedy,Accesos,Media,Chat,10,40,4.632437,-74.151555
TK-10767,2026-04-10,Viernes,Usaquén,Correo,Alta,Portal,10,34,4.750109,-74.022013
TK-10774,2026-04-10,Viernes,Kennedy,Accesos,Media,Portal,10,42,4.621618,-74.164765
TK-10778,2026-04-10,Viernes,Engativá,Red,Media,Chat,11,40,4.697181,-74.129215
TK-10756,2026-04-10,Viernes,Usaquén,Accesos,Alta,Portal,16,48,4.742539,-74.027396
TK-10769,2026-04-10,Viernes,Kennedy,Red,Baja,Chat,16,51,4.624969,-74.152733
TK-10772,2026-04-10,Viernes,Engativá,Red,Media,Portal,16,51,4.706392,-74.113404
TK-10776,2026-04-10,Viernes,Kennedy,Hardware,Media,Chat,16,48,4.636616,-74.149848
TK-10781,2026-04-10,Viernes,Suba,Software,Alta,Portal,17,46,4.796027,-74.081814
TK-10784,2026-04-10,Viernes,Engativá,Correo,Alta,Chat,17,48,4.715968,-74.13276
TK-10766,2026-04-10,Viernes,Engativá,Hardware,Baja,Portal,19,51,4.703023,-74.117477
TK-10762,2026-04-10,Viernes,Suba,Red,Media,Correo,21,54,4.804363,-74.097816
TK-10760,2026-04-10,Viernes,Suba,Correo,Alta,Correo,24,56,4.800109,-74.101834
TK-10777,2026-04-10,Viernes,Engativá,Correo,Alta,Chat,25,63,4.710101,-74.122244
TK-10758,2026-04-10,Viernes,Usaquén,Accesos,Baja,Chat,27,66,4.74088,-74.017203
TK-10793,2026-04-13,Lunes,Engativá,Software,Crítica,Teléfono,3,19,4.706093,-74.127633
TK-10806,2026-04-13,Lunes,Suba,Correo,Alta,Correo,3,25,4.806405,-74.080597
TK-10787,2026-04-13,Lunes,Chapinero,Hardware,Media,Correo,7,26,4.640742,-74.038536
TK-10808,2026-04-13,Lunes,Kennedy,Software,Media,Portal,7,35,4.631889,-74.167928
TK-10788,2026-04-13,Lunes,Suba,Red,Crítica,Correo,8,29,4.802961,-74.078396
TK-10805,2026-04-13,Lunes,Suba,Accesos,Alta,Correo,9,28,4.801221,-74.08806
TK-10796,2026-04-13,Lunes,Kennedy,Correo,Alta,Portal,11,38,4.635624,-74.146665
TK-10799,2026-04-13,Lunes,Usaquén,Red,Baja,Portal,13,40,4.739478,-74.022349
TK-10791,2026-04-13,Lunes,Engativá,Hardware,Media,Portal,14,42,4.706539,-74.118586
TK-10792,2026-04-13,Lunes,Suba,Red,Media,Correo,15,44,4.799416,-74.0946
TK-10795,2026-04-13,Lunes,Suba,Hardware,Alta,Correo,15,42,4.798349,-74.093479
TK-10798,2026-04-13,Lunes,Kennedy,Hardware,Media,Correo,15,49,4.617821,-74.168131
TK-10790,2026-04-13,Lunes,Kennedy,Red,Baja,Teléfono,16,51,4.629152,-74.160151
TK-10803,2026-04-13,Lunes,Engativá,Accesos,Alta,Portal,18,46,4.697984,-74.122364
TK-10800,2026-04-13,Lunes,Engativá,Red,Baja,Portal,19,49,4.69716,-74.123838
TK-10797,2026-04-13,Lunes,Engativá,Accesos,Crítica,Correo,21,48,4.708425,-74.123902
TK-10786,2026-04-13,Lunes,Engativá,Software,Baja,Portal,22,54,4.713599,-74.114359
TK-10789,2026-04-13,Lunes,Engativá,Software,Alta,Correo,22,52,4.705269,-74.115892
TK-10794,2026-04-13,Lunes,Engativá,Hardware,Baja,Teléfono,22,54,4.713652,-74.122189
TK-10801,2026-04-13,Lunes,Engativá,Software,Baja,Correo,22,56,4.706139,-74.136387
TK-10802,2026-04-13,Lunes,Usaquén,Hardware,Baja,Correo,24,63,4.733279,-74.034368
TK-10804,2026-04-13,Lunes,Engativá,Correo,Alta,Portal,26,58,4.703725,-74.122794
TK-10807,2026-04-13,Lunes,Suba,Red,Media,Portal,27,63,4.790376,-74.096157
TK-10830,2026-04-14,Martes,Chapinero,Software,Media,Correo,1,20,4.64726,-74.029571
TK-10816,2026-04-14,Martes,Usaquén,Red,Crítica,Portal,3,17,4.748799,-74.03211
TK-10811,2026-04-14,Martes,Suba,Accesos,Crítica,Correo,4,21,4.80186,-74.078064
TK-10815,2026-04-14,Martes,Chapinero,Software,Media,Correo,5,24,4.644517,-74.042749
TK-10821,2026-04-14,Martes,Chapinero,Software,Alta,Chat,6,20,4.635962,-74.046854
TK-10829,2026-04-14,Martes,Usaquén,Accesos,Alta,Correo,6,20,4.745032,-74.016189
TK-10820,2026-04-14,Martes,Kennedy,Software,Baja,Correo,7,29,4.620483,-74.165886
TK-10824,2026-04-14,Martes,Engativá,Red,Baja,Chat,8,30,4.720158,-74.12811
TK-10822,2026-04-14,Martes,Kennedy,Correo,Media,Correo,11,41,4.616208,-74.161989
TK-10831,2026-04-14,Martes,Kennedy,Red,Media,Portal,11,34,4.627121,-74.14742
TK-10823,2026-04-14,Martes,Suba,Hardware,Baja,Portal,12,37,4.793154,-74.085792
TK-10828,2026-04-14,Martes,Usaquén,Software,Media,Chat,12,37,4.750319,-74.027713
TK-10809,2026-04-14,Martes,Engativá,Accesos,Media,Correo,13,37,4.713512,-74.116879
TK-10827,2026-04-14,Martes,Chapinero,Software,Media,Correo,15,38,4.65072,-74.030819
TK-10813,2026-04-14,Martes,Engativá,Correo,Media,Portal,16,41,4.702726,-74.127055
TK-10825,2026-04-14,Martes,Suba,Correo,Media,Portal,17,49,4.79347,-74.082302
TK-10818,2026-04-14,Martes,Kennedy,Correo,Baja,Correo,18,54,4.637004,-74.16425
TK-10826,2026-04-14,Martes,Kennedy,Correo,Baja,Correo,18,56,4.632401,-74.154399
TK-10814,2026-04-14,Martes,Chapinero,Correo,Media,Teléfono,20,47,4.654284,-74.044269
TK-10812,2026-04-14,Martes,Chapinero,Red,Media,Portal,22,54,4.641958,-74.045818
TK-10810,2026-04-14,Martes,Engativá,Software,Media,Correo,24,62,4.697758,-74.124511
TK-10817,2026-04-14,Martes,Usaquén,Red,Baja,Teléfono,26,62,4.739881,-74.023652
TK-10819,2026-04-14,Martes,Engativá,Red,Baja,Chat,26,62,4.711205,-74.120161
TK-10836,2026-04-15,Miércoles,Kennedy,Red,Media,Chat,2,18,4.629527,-74.169018
TK-10849,2026-04-15,Miércoles,Suba,Accesos,Media,Chat,5,27,4.791731,-74.088005
TK-10832,2026-04-15,Miércoles,Suba,Red,Alta,Chat,6,24,4.808273,-74.091834
TK-10850,2026-04-15,Miércoles,Chapinero,Correo,Media,Correo,6,26,4.632707,-74.034022
TK-10846,2026-04-15,Miércoles,Chapinero,Software,Media,Teléfono,7,28,4.63238,-74.050586
TK-10833,2026-04-15,Miércoles,Chapinero,Software,Baja,Teléfono,9,32,4.643314,-74.034051
TK-10837,2026-04-15,Miércoles,Chapinero,Software,Baja,Teléfono,9,36,4.634316,-74.033104
TK-10841,2026-04-15,Miércoles,Chapinero,Accesos,Baja,Correo,10,32,4.645654,-74.034318
TK-10834,2026-04-15,Miércoles,Kennedy,Accesos,Alta,Chat,11,33,4.622579,-74.158068
TK-10835,2026-04-15,Miércoles,Engativá,Software,Media,Teléfono,11,35,4.708373,-74.122015
TK-10840,2026-04-15,Miércoles,Kennedy,Red,Media,Portal,11,40,4.615888,-74.164376
TK-10843,2026-04-15,Miércoles,Engativá,Correo,Alta,Chat,12,30,4.708853,-74.124182
TK-10848,2026-04-15,Miércoles,Engativá,Correo,Media,Chat,15,40,4.708669,-74.11436
TK-10838,2026-04-15,Miércoles,Chapinero,Red,Media,Correo,18,42,4.634227,-74.047916
TK-10839,2026-04-15,Miércoles,Usaquén,Accesos,Media,Teléfono,18,44,4.746907,-74.017393
TK-10842,2026-04-15,Miércoles,Chapinero,Hardware,Alta,Portal,18,46,4.636358,-74.035254
TK-10845,2026-04-15,Miércoles,Suba,Correo,Alta,Chat,19,43,4.784826,-74.089074
TK-10847,2026-04-15,Miércoles,Usaquén,Hardware,Media,Portal,20,51,4.732794,-74.036803
TK-10844,2026-04-15,Miércoles,Usaquén,Software,Media,Portal,27,63,4.745783,-74.014711
TK-10854,2026-04-16,Jueves,Suba,Accesos,Crítica,Correo,2,16,4.802983,-74.07942
TK-10859,2026-04-16,Jueves,Usaquén,Software,Media,Correo,7,33,4.752521,-74.034207
TK-10856,2026-04-16,Jueves,Suba,Hardware,Media,Correo,8,30,4.807007,-74.087659
TK-10858,2026-04-16,Jueves,Usaquén,Red,Alta,Portal,8,29,4.74795,-74.02716
TK-10861,2026-04-16,Jueves,Suba,Correo,Media,Portal,8,35,4.79543,-74.084754
TK-10871,2026-04-16,Jueves,Chapinero,Correo,Crítica,Teléfono,8,22,4.654024,-74.048699
TK-10875,2026-04-16,Jueves,Chapinero,Correo,Alta,Correo,8,24,4.632604,-74.048624
TK-10855,2026-04-16,Jueves,Usaquén,Accesos,Media,Portal,10,38,4.740206,-74.021633
TK-10868,2026-04-16,Jueves,Kennedy,Accesos,Baja,Correo,10,34,4.628471,-74.169769
TK-10869,2026-04-16,Jueves,Chapinero,Accesos,Alta,Chat,10,28,4.639952,-74.048992
TK-10865,2026-04-16,Jueves,Engativá,Correo,Media,Portal,11,39,4.702357,-74.118942
TK-10866,2026-04-16,Jueves,Kennedy,Correo,Media,Portal,11,39,4.627531,-74.167872
TK-10862,2026-04-16,Jueves,Usaquén,Software,Alta,Teléfono,12,33,4.750358,-74.030943
TK-10863,2026-04-16,Jueves,Usaquén,Correo,Media,Chat,13,39,4.742366,-74.016707
TK-10873,2026-04-16,Jueves,Chapinero,Hardware,Media,Chat,13,41,4.64737,-74.042617
TK-10864,2026-04-16,Jueves,Chapinero,Correo,Baja,Teléfono,14,42,4.65395,-74.038497
TK-10870,2026-04-16,Jueves,Usaquén,Red,Media,Chat,14,44,4.749581,-74.021293
TK-10872,2026-04-16,Jueves,Suba,Hardware,Media,Correo,15,43,4.806584,-74.097627
TK-10860,2026-04-16,Jueves,Usaquén,Red,Alta,Teléfono,16,45,4.734777,-74.025933
TK-10874,2026-04-16,Jueves,Suba,Red,Baja,Teléfono,16,50,4.799976,-74.095772
TK-10852,2026-04-16,Jueves,Chapinero,Red,Media,Portal,20,49,4.634908,-74.049514
TK-10857,2026-04-16,Jueves,Chapinero,Hardware,Media,Correo,21,57,4.650224,-74.045177
TK-10867,2026-04-16,Jueves,Engativá,Accesos,Media,Portal,23,61,4.717259,-74.129381
TK-10851,2026-04-16,Jueves,Usaquén,Software,Alta,Chat,25,58,4.749881,-74.018889
TK-10853,2026-04-16,Jueves,Usaquén,Accesos,Alta,Correo,26,62,4.743205,-74.021161
TK-10900,2026-04-17,Viernes,Kennedy,Software,Media,Chat,4,32,4.627138,-74.161865
TK-10877,2026-04-17,Viernes,Suba,Accesos,Media,Teléfono,6,32,4.786753,-74.08303
TK-10881,2026-04-17,Viernes,Suba,Correo,Media,Teléfono,6,30,4.804351,-74.087616
TK-10892,2026-04-17,Viernes,Engativá,Red,Baja,Correo,6,30,4.706288,-74.136384
TK-10878,2026-04-17,Viernes,Engativá,Accesos,Alta,Correo,8,32,4.714938,-74.128547
TK-10893,2026-04-17,Viernes,Engativá,Hardware,Media,Correo,8,34,4.700191,-74.118324
TK-10894,2026-04-17,Viernes,Kennedy,Correo,Crítica,Teléfono,8,33,4.624369,-74.168692
TK-10886,2026-04-17,Viernes,Suba,Red,Baja,Portal,9,39,4.79364,-74.082759
TK-10895,2026-04-17,Viernes,Suba,Software,Media,Teléfono,9,37,4.806904,-74.082572
TK-10879,2026-04-17,Viernes,Chapinero,Hardware,Alta,Teléfono,10,36,4.652012,-74.036083
TK-10890,2026-04-17,Viernes,Kennedy,Software,Media,Portal,11,44,4.636115,-74.169103
TK-10883,2026-04-17,Viernes,Suba,Correo,Media,Teléfono,16,45,4.806064,-74.087266
TK-10889,2026-04-17,Viernes,Usaquén,Correo,Media,Portal,16,45,4.73571,-74.025969
TK-10882,2026-04-17,Viernes,Suba,Hardware,Media,Chat,17,47,4.802274,-74.080902
TK-10887,2026-04-17,Viernes,Suba,Hardware,Baja,Portal,17,57,4.795995,-74.094589
TK-10898,2026-04-17,Viernes,Suba,Red,Media,Portal,18,54,4.787704,-74.095509
TK-10876,2026-04-17,Viernes,Engativá,Red,Media,Chat,19,53,4.714533,-74.11728
TK-10888,2026-04-17,Viernes,Kennedy,Accesos,Alta,Correo,19,56,4.63797,-74.146938
TK-10884,2026-04-17,Viernes,Kennedy,Software,Media,Correo,22,58,4.637585,-74.14836
TK-10885,2026-04-17,Viernes,Usaquén,Accesos,Media,Portal,22,54,4.730851,-74.022499
TK-10897,2026-04-17,Viernes,Kennedy,Correo,Alta,Portal,23,56,4.621587,-74.150315
TK-10899,2026-04-17,Viernes,Suba,Correo,Media,Chat,24,61,4.805301,-74.098821
TK-10880,2026-04-17,Viernes,Kennedy,Hardware,Alta,Correo,25,63,4.616555,-74.168547
TK-10891,2026-04-17,Viernes,Kennedy,Accesos,Media,Portal,25,70,4.615937,-74.147837
TK-10896,2026-04-17,Viernes,Engativá,Red,Baja,Correo,25,62,4.698928,-74.131545
TK-10904,2026-04-20,Lunes,Chapinero,Accesos,Media,Teléfono,3,20,4.647624,-74.027963
TK-10903,2026-04-20,Lunes,Engativá,Hardware,Media,Chat,5,29,4.702495,-74.12341
TK-10909,2026-04-20,Lunes,Chapinero,Correo,Crítica,Teléfono,9,24,4.637386,-74.02846
TK-10912,2026-04-20,Lunes,Suba,Red,Media,Correo,9,31,4.798167,-74.085661
TK-10920,2026-04-20,Lunes,Suba,Correo,Baja,Chat,11,41,4.790157,-74.087445
TK-10915,2026-04-20,Lunes,Engativá,Correo,Media,Chat,12,41,4.708612,-74.113204
TK-10905,2026-04-20,Lunes,Engativá,Hardware,Alta,Chat,15,43,4.701417,-74.122479
TK-10910,2026-04-20,Lunes,Kennedy,Correo,Baja,Portal,15,52,4.624284,-74.151411
TK-10919,2026-04-20,Lunes,Kennedy,Correo,Media,Chat,15,42,4.638663,-74.15457
TK-10914,2026-04-20,Lunes,Chapinero,Accesos,Media,Correo,17,47,4.643992,-74.031387
TK-10916,2026-04-20,Lunes,Chapinero,Software,Media,Chat,17,50,4.63349,-74.051414
TK-10917,2026-04-20,Lunes,Kennedy,Red,Media,Teléfono,17,54,4.627761,-74.162133
TK-10907,2026-04-20,Lunes,Suba,Accesos,Crítica,Correo,18,44,4.807056,-74.08408
TK-10901,2026-04-20,Lunes,Kennedy,Hardware,Baja,Teléfono,19,52,4.626868,-74.154692
TK-10921,2026-04-20,Lunes,Suba,Correo,Alta,Correo,19,48,4.793618,-74.096118
TK-10922,2026-04-20,Lunes,Engativá,Hardware,Media,Chat,20,55,4.70052,-74.121724
TK-10911,2026-04-20,Lunes,Suba,Hardware,Alta,Teléfono,21,49,4.792039,-74.08787
TK-10918,2026-04-20,Lunes,Kennedy,Red,Baja,Correo,21,59,4.615581,-74.164628
TK-10906,2026-04-20,Lunes,Usaquén,Software,Alta,Chat,22,52,4.737078,-74.020167
TK-10902,2026-04-20,Lunes,Suba,Correo,Media,Teléfono,23,60,4.805257,-74.08154
TK-10913,2026-04-20,Lunes,Suba,Correo,Media,Portal,23,62,4.791795,-74.08743
TK-10908,2026-04-20,Lunes,Kennedy,Red,Media,Teléfono,25,65,4.626868,-74.151584
TK-10940,2026-04-21,Martes,Usaquén,Software,Alta,Portal,1,18,4.742406,-74.02821
TK-10934,2026-04-21,Martes,Kennedy,Hardware,Alta,Correo,3,20,4.619446,-74.156649
TK-10936,2026-04-21,Martes,Suba,Red,Alta,Teléfono,4,19,4.800982,-74.088662
TK-10928,2026-04-21,Martes,Kennedy,Correo,Media,Correo,5,31,4.616715,-74.156689
TK-10941,2026-04-21,Martes,Engativá,Correo,Media,Teléfono,5,30,4.709738,-74.132718
TK-10933,2026-04-21,Martes,Engativá,Correo,Media,Teléfono,10,34,4.713434,-74.132532
TK-10937,2026-04-21,Martes,Suba,Accesos,Media,Portal,10,36,4.794462,-74.098933
TK-10944,2026-04-21,Martes,Chapinero,Correo,Media,Portal,10,32,4.653283,-74.037472
TK-10943,2026-04-21,Martes,Suba,Software,Media,Teléfono,11,41,4.794698,-74.092606
TK-10935,2026-04-21,Martes,Suba,Red,Media,Correo,12,42,4.787207,-74.084164
TK-10931,2026-04-21,Martes,Kennedy,Red,Media,Portal,13,44,4.634418,-74.166368
TK-10923,2026-04-21,Martes,Kennedy,Accesos,Media,Teléfono,14,40,4.61998,-74.15362
TK-10925,2026-04-21,Martes,Kennedy,Red,Crítica,Correo,16,38,4.627026,-74.151128
TK-10927,2026-04-21,Martes,Suba,Hardware,Media,Portal,16,43,4.795461,-74.085556
TK-10939,2026-04-21,Martes,Chapinero,Software,Media,Portal,16,40,4.648601,-74.037321
TK-10930,2026-04-21,Martes,Chapinero,Correo,Media,Portal,19,51,4.63726,-74.040909
TK-10929,2026-04-21,Martes,Engativá,Accesos,Baja,Teléfono,20,55,4.702422,-74.12471
TK-10932,2026-04-21,Martes,Engativá,Correo,Alta,Portal,20,50,4.698214,-74.125683
TK-10926,2026-04-21,Martes,Suba,Hardware,Media,Chat,23,56,4.801914,-74.091315
TK-10938,2026-04-21,Martes,Kennedy,Software,Media,Correo,23,60,4.618304,-74.146466
TK-10942,2026-04-21,Martes,Usaquén,Accesos,Alta,Portal,25,62,4.751504,-74.015819
TK-10924,2026-04-21,Martes,Engativá,Hardware,Media,Portal,26,66,4.712657,-74.123899
TK-10956,2026-04-22,Miércoles,Chapinero,Red,Media,Teléfono,3,19,4.642025,-74.035659
TK-10952,2026-04-22,Miércoles,Chapinero,Red,Alta,Portal,4,16,4.638917,-74.039683
TK-10953,2026-04-22,Miércoles,Suba,Red,Baja,Teléfono,4,28,4.79918,-74.093021
TK-10947,2026-04-22,Miércoles,Engativá,Accesos,Alta,Chat,7,28,4.709572,-74.124081
TK-10945,2026-04-22,Miércoles,Suba,Red,Media,Correo,9,30,4.791729,-74.092805
TK-10948,2026-04-22,Miércoles,Usaquén,Accesos,Alta,Teléfono,10,30,4.734207,-74.03725
TK-10954,2026-04-22,Miércoles,Chapinero,Hardware,Media,Portal,10,32,4.649188,-74.032699
TK-10955,2026-04-22,Miércoles,Chapinero,Correo,Media,Chat,18,48,4.633628,-74.046575
TK-10957,2026-04-22,Miércoles,Usaquén,Software,Media,Portal,19,48,4.735926,-74.019212
TK-10946,2026-04-22,Miércoles,Kennedy,Accesos,Alta,Chat,20,53,4.617628,-74.152448
TK-10949,2026-04-22,Miércoles,Engativá,Accesos,Media,Chat,20,49,4.700552,-74.118591
TK-10950,2026-04-22,Miércoles,Kennedy,Accesos,Media,Chat,22,58,4.634233,-74.161566
TK-10951,2026-04-22,Miércoles,Suba,Correo,Baja,Chat,22,58,4.787748,-74.09656
TK-10958,2026-04-22,Miércoles,Engativá,Software,Alta,Portal,22,54,4.716324,-74.113531
TK-10959,2026-04-22,Miércoles,Suba,Hardware,Media,Chat,23,59,4.798553,-74.084411
TK-10962,2026-04-23,Jueves,Chapinero,Correo,Media,Teléfono,1,22,4.651385,-74.03223
TK-10980,2026-04-23,Jueves,Engativá,Accesos,Media,Portal,1,19,4.716492,-74.126804
TK-10969,2026-04-23,Jueves,Chapinero,Hardware,Media,Teléfono,2,16,4.650382,-74.029345
TK-10981,2026-04-23,Jueves,Suba,Software,Media,Teléfono,4,27,4.784615,-74.100956
TK-10977,2026-04-23,Jueves,Chapinero,Accesos,Media,Chat,6,28,4.650903,-74.039437
TK-10964,2026-04-23,Jueves,Usaquén,Software,Media,Teléfono,7,33,4.742307,-74.02237
TK-10961,2026-04-23,Jueves,Suba,Software,Media,Teléfono,12,42,4.802535,-74.08928
TK-10967,2026-04-23,Jueves,Engativá,Software,Alta,Portal,14,40,4.704794,-74.126935
TK-10971,2026-04-23,Jueves,Suba,Correo,Alta,Chat,14,42,4.786164,-74.095951
TK-10978,2026-04-23,Jueves,Usaquén,Accesos,Alta,Chat,15,42,4.748911,-74.02938
TK-10963,2026-04-23,Jueves,Kennedy,Hardware,Media,Portal,18,50,4.637676,-74.168234
TK-10975,2026-04-23,Jueves,Kennedy,Correo,Baja,Portal,18,52,4.637183,-74.149837
TK-10960,2026-04-23,Jueves,Usaquén,Accesos,Alta,Correo,19,49,4.737336,-74.037951
TK-10970,2026-04-23,Jueves,Kennedy,Software,Baja,Correo,19,55,4.637983,-74.159089
TK-10965,2026-04-23,Jueves,Kennedy,Accesos,Alta,Teléfono,21,57,4.623242,-74.165035
TK-10972,2026-04-23,Jueves,Kennedy,Correo,Media,Chat,21,54,4.631391,-74.149655
TK-10974,2026-04-23,Jueves,Suba,Hardware,Baja,Teléfono,21,61,4.786158,-74.093117
TK-10968,2026-04-23,Jueves,Chapinero,Accesos,Media,Teléfono,22,58,4.650156,-74.041203
TK-10976,2026-04-23,Jueves,Suba,Hardware,Media,Portal,23,58,4.798611,-74.089564
TK-10979,2026-04-23,Jueves,Suba,Software,Baja,Correo,24,63,4.804024,-74.098379
TK-10973,2026-04-23,Jueves,Suba,Software,Media,Teléfono,25,65,4.786236,-74.079466
TK-10966,2026-04-23,Jueves,Chapinero,Accesos,Media,Correo,26,60,4.650149,-74.041363
TK-10996,2026-04-24,Viernes,Engativá,Hardware,Crítica,Correo,1,19,4.705549,-74.133912
TK-11006,2026-04-24,Viernes,Suba,Hardware,Media,Correo,3,29,4.800938,-74.084159
TK-10999,2026-04-24,Viernes,Engativá,Software,Media,Chat,5,25,4.705398,-74.128832
TK-11003,2026-04-24,Viernes,Engativá,Accesos,Alta,Chat,7,33,4.711551,-74.134661
TK-10990,2026-04-24,Viernes,Kennedy,Correo,Alta,Teléfono,8,33,4.630828,-74.168533
TK-11004,2026-04-24,Viernes,Kennedy,Accesos,Alta,Portal,8,35,4.621223,-74.164798
TK-10987,2026-04-24,Viernes,Chapinero,Red,Baja,Teléfono,10,38,4.647375,-74.034576
TK-10989,2026-04-24,Viernes,Suba,Software,Media,Correo,10,34,4.789549,-74.088433
TK-10985,2026-04-24,Viernes,Engativá,Software,Media,Chat,11,43,4.703464,-74.127005
TK-10983,2026-04-24,Viernes,Suba,Software,Baja,Correo,13,42,4.806819,-74.081539
TK-10988,2026-04-24,Viernes,Usaquén,Red,Media,Correo,13,47,4.731244,-74.031591
TK-10997,2026-04-24,Viernes,Kennedy,Hardware,Crítica,Portal,13,36,4.617032,-74.161316
TK-11007,2026-04-24,Viernes,Usaquén,Software,Media,Chat,13,40,4.750811,-74.030048
TK-10993,2026-04-24,Viernes,Suba,Red,Media,Portal,14,42,4.794583,-74.088499
TK-10998,2026-04-24,Viernes,Suba,Correo,Alta,Chat,16,45,4.788496,-74.09248
TK-10992,2026-04-24,Viernes,Engativá,Hardware,Alta,Chat,17,44,4.706211,-74.117478
TK-11000,2026-04-24,Viernes,Suba,Correo,Media,Teléfono,17,53,4.787501,-74.078174
TK-10994,2026-04-24,Viernes,Chapinero,Red,Media,Correo,18,50,4.648185,-74.040927
TK-10995,2026-04-24,Viernes,Usaquén,Red,Alta,Chat,18,50,4.748487,-74.027047
TK-10986,2026-04-24,Viernes,Engativá,Accesos,Media,Teléfono,20,55,4.707169,-74.128203
TK-11005,2026-04-24,Viernes,Engativá,Software,Media,Portal,20,53,4.714847,-74.134239
TK-10982,2026-04-24,Viernes,Kennedy,Correo,Alta,Portal,21,58,4.615197,-74.168261
TK-10984,2026-04-24,Viernes,Kennedy,Hardware,Alta,Correo,21,59,4.617061,-74.146853
TK-10991,2026-04-24,Viernes,Kennedy,Red,Alta,Teléfono,22,60,4.616753,-74.169625
TK-11002,2026-04-24,Viernes,Suba,Accesos,Media,Chat,22,56,4.787191,-74.098301
TK-11010,2026-04-24,Viernes,Suba,Correo,Media,Portal,23,57,4.786979,-74.099327
TK-11008,2026-04-24,Viernes,Kennedy,Correo,Media,Correo,26,64,4.63476,-74.155033
TK-11001,2026-04-24,Viernes,Suba,Accesos,Alta,Correo,27,68,4.795589,-74.096277
TK-11009,2026-04-24,Viernes,Suba,Red,Alta,Correo,27,62,4.784593,-74.089219
